"Time (s)"	"Latitude (°)"	"Longitude (°)"	"Altitude (m)"	"Altitude WGS84 (m)"	"Speed (m/s)"	"Direction (°)"	"Distance (km)"	"Horizontal Accuracy (m)"	"Vertical Accuracy (m)"	"Satellites"
0,000000000E0	6,028127186E1	2,495574998E1	1,359838867E1	3,281633958E1	-1,000000000E0	-1,000000000E0	2,973770725E-3	6,500000000E1	6,500000000E1	0,000000000E0
7,488203049E-2	6,028125236E1	2,495571306E1	1,359838867E1	3,281638645E1	-1,000000000E0	-1,000000000E0	8,357981150E-3	9,054334790E1	9,054334790E1	0,000000000E0
4,173460007E-1	6,028122132E1	2,495578803E1	1,290065956E1	3,211848737E1	-1,000000000E0	-1,000000000E0	1,108272108E-2	6,500000000E1	6,500000000E1	0,000000000E0
1,175618052E0	6,028124173E1	2,495576066E1	1,245806789E1	3,167596736E1	-1,000000000E0	-1,000000000E0	2,193033068E-2	6,500000000E1	6,500000000E1	0,000000000E0
2,623240232E0	6,028124784E1	2,495556426E1	3,678773796E0	2,289703893E1	3,750653565E-1	-1,000000000E0	2,504454020E-2	2,400000000E1	2,400000000E1	0,000000000E0
3,623229861E0	6,028122115E1	2,495554719E1	4,996080254E-1	1,971787611E1	4,194916189E-1	-1,000000000E0	3,068447151E-2	2,400000000E1	2,400000000E1	0,000000000E0
4,623219252E0	6,028118256E1	2,495561359E1	1,007455879E0	2,022556167E1	4,194916189E-1	-1,000000000E0	3,464430918E-2	1,600000000E1	1,600000000E1	0,000000000E0
5,623208761E0	6,028115018E1	2,495564349E1	1,560389115E0	2,077840594E1	8,279833794E-1	-1,000000000E0	3,934794758E-2	1,600000000E1	1,600000000E1	0,000000000E0
6,623198748E0	6,028111255E1	2,495568249E1	6,391792098E-1	1,985708489E1	1,254998088E0	-1,000000000E0	4,133396225E-2	1,600000000E1	1,600000000E1	0,000000000E0
7,623188138E0	6,028109526E1	2,495569151E1	1,399831443E0	2,061770231E1	1,448746324E0	-1,000000000E0	4,571424456E-2	2,400000000E1	2,400000000E1	0,000000000E0
8,623237014E0	6,028105588E1	2,495568998E1	1,545177851E0	2,076300983E1	1,602912903E0	-1,000000000E0	4,997094526E-2	2,400000000E1	2,400000000E1	0,000000000E0
9,623227715E0	6,028106387E1	2,495576550E1	5,994419864E0	2,521212220E1	1,556479335E-1	-1,000000000E0	5,086099944E-2	1,600241655E1	1,600241655E1	0,000000000E0
1,062323487E1	6,028106283E1	2,495574949E1	5,104706267E0	2,432243677E1	2,294700444E-1	1,476585129E2	5,155151375E-2	1,200181241E1	1,200181241E1	0,000000000E0
1,138122773E1	6,028106363E1	2,495576191E1	5,110634656E0	2,432834329E1	2,294700444E-1	1,444393354E2	5,351918750E-2	8,001208274E0	8,001208274E0	0,000000000E0
1,238123310E1	6,028104764E1	2,495577720E1	2,299785076E0	2,151744882E1	1,410334229E0	1,509467708E2	5,497278437E-2	8,001208274E0	8,001208274E0	0,000000000E0
1,338122225E1	6,028103813E1	2,495579530E1	1,901070019E0	2,111869059E1	1,498715162E0	1,475595025E2	5,663180846E-2	8,001208274E0	8,001208274E0	0,000000000E0
1,438122964E1	6,028102322E1	2,495579614E1	1,236658437E0	2,045426169E1	1,498715162E0	1,441963446E2	5,812957372E-2	6,000906205E0	6,000906205E0	0,000000000E0
1,538121915E1	6,028101031E1	2,495580394E1	1,645755554E0	2,086333089E1	1,522020221E0	1,469086537E2	6,010543964E-2	6,000906205E0	6,000906205E0	0,000000000E0
1,638122630E1	6,028099258E1	2,495580620E1	7,130590047E-1	1,993061142E1	1,640754223E0	1,613962226E2	6,171604599E-2	6,000906205E0	6,000906205E0	0,000000000E0
1,738121617E1	6,028097855E1	2,495581346E1	6,222265556E-1	1,983975085E1	1,919170618E0	1,669816645E2	6,421815301E-2	6,000906205E0	6,000906205E0	0,000000000E0
1,838122308E1	6,028095848E1	2,495583400E1	-3,396695966E-1	1,887779589E1	1,919170618E0	1,650950023E2	6,597919613E-2	6,000906205E0	6,000906205E0	0,000000000E0
1,938121343E1	6,028094345E1	2,495584403E1	-2,580221785E0	1,663720944E1	1,883541584E0	1,611888171E2	6,806558264E-2	6,000906205E0	6,000906205E0	0,000000000E0
2,038122296E1	6,028092491E1	2,495584983E1	-2,983931881E0	1,623346910E1	1,779477835E0	1,609986373E2	6,970837698E-2	6,000906205E0	6,000906205E0	0,000000000E0
2,138121307E1	6,028091059E1	2,495585722E1	-2,998116743E0	1,621925558E1	1,779477835E0	1,602888714E2	7,175734534E-2	6,000906205E0	6,000906205E0	0,000000000E0
2,238122010E1	6,028089315E1	2,495586923E1	-3,119407244E0	1,609792465E1	1,543293357E0	1,588948434E2	7,343359459E-2	6,000906205E0	6,000906205E0	0,000000000E0
2,332888544E1	6,028088190E1	2,495588946E1	-4,029146585E0	1,518813639E1	1,586824059E0	1,573808227E2	7,488291329E-2	6,000906205E0	6,000906205E0	0,000000000E0
2,432889676E1	6,028086907E1	2,495589403E1	-5,654014937E0	1,356324609E1	1,586824059E0	1,565523481E2	7,775344243E-2	6,000906205E0	6,000906205E0	0,000000000E0
2,532889175E1	6,028084475E1	2,495591154E1	-6,292138798E0	1,292506448E1	1,765719175E0	1,563733015E2	7,956001594E-2	6,000906205E0	6,000906205E0	0,000000000E0
2,632889998E1	6,028083232E1	2,495593262E1	-7,553512383E0	1,166363916E1	1,765719175E0	1,569338141E2	8,125426666E-2	6,000906205E0	6,000906205E0	0,000000000E0
2,732889366E1	6,028082025E1	2,495595140E1	-6,360623182E0	1,285648125E1	1,732785463E0	1,567728949E2	8,265986459E-2	6,000906205E0	6,000906205E0	0,000000000E0
2,832888615E1	6,028081002E1	2,495596638E1	-6,092634820E0	1,312443139E1	1,757544398E0	1,559221812E2	8,474954295E-2	6,000906205E0	6,000906205E0	0,000000000E0
2,932902288E1	6,028079566E1	2,495599082E1	-5,577742710E0	1,363926359E1	1,732785463E0	1,559713585E2	8,671389819E-2	6,000906205E0	6,000906205E0	0,000000000E0
3,032887185E1	6,028077952E1	2,495600532E1	-5,623448562E0	1,359351414E1	1,689382553E0	1,561642704E2	8,816529321E-2	6,000906205E0	6,000906205E0	0,000000000E0
3,132886553E1	6,028076725E1	2,495601428E1	-5,850499529E0	1,336643379E1	1,674820304E0	1,505457431E2	9,008946198E-2	6,000906205E0	6,000906205E0	0,000000000E0
3,232885790E1	6,028075295E1	2,495603394E1	-5,518509052E0	1,369837318E1	1,637539148E0	1,480793891E2	9,091082835E-2	6,000906205E0	6,000906205E0	0,000000000E0
3,332884943E1	6,028074663E1	2,495604166E1	-5,224720362E0	1,399214107E1	1,637539148E0	1,494379138E2	9,210647681E-2	6,000906205E0	6,000906205E0	0,000000000E0
3,432884181E1	6,028073714E1	2,495605187E1	-4,967919672E0	1,424891303E1	1,373863101E0	1,499823755E2	9,295960857E-2	6,000906205E0	6,000906205E0	0,000000000E0
3,532883477E1	6,028072967E1	2,495604836E1	-4,802733001E0	1,441409822E1	1,373863101E0	1,476719137E2	9,415037075E-2	6,000906205E0	6,000906205E0	0,000000000E0
3,632882643E1	6,028071983E1	2,495605686E1	-5,208818519E0	1,400798672E1	1,402336359E0	1,472923055E2	9,564602356E-2	6,000906205E0	6,000906205E0	0,000000000E0
3,732881856E1	6,028070829E1	2,495607081E1	-5,098148622E0	1,411861891E1	1,618506908E0	1,491830384E2	9,756196895E-2	6,000906205E0	6,000906205E0	0,000000000E0
3,832880998E1	6,028069136E1	2,495607728E1	-5,206367391E0	1,401037037E1	1,618506908E0	1,505560157E2	9,949875922E-2	6,000906205E0	6,000906205E0	0,000000000E0
3,932880199E1	6,028067681E1	2,495609659E1	-5,260348003E0	1,395633905E1	1,560184598E0	1,526074084E2	1,015303215E-1	6,000906205E0	6,000906205E0	0,000000000E0
4,032879353E1	6,028065858E1	2,495609903E1	-5,065305877E0	1,415135740E1	1,560184598E0	1,514241328E2	1,032539865E-1	6,000906205E0	6,000906205E0	0,000000000E0
4,132878566E1	6,028064577E1	2,495611664E1	-4,869949559E0	1,434666796E1	1,565719366E0	1,539162912E2	1,049134823E-1	6,000906205E0	6,000906205E0	0,000000000E0
4,232877624E1	6,028063795E1	2,495614228E1	-4,825123084E0	1,439143926E1	1,713977814E0	1,588026768E2	1,066882744E-1	6,000906205E0	6,000906205E0	0,000000000E0
4,332876837E1	6,028062308E1	2,495615398E1	-4,917897759E0	1,429862745E1	1,713977814E0	1,553809843E2	1,086789739E-1	6,000906205E0	6,000906205E0	0,000000000E0
4,432875967E1	6,028061007E1	2,495617879E1	-5,163489601E0	1,405297646E1	1,573666811E0	1,529189743E2	1,108590056E-1	6,000906205E0	6,000906205E0	0,000000000E0
4,532875085E1	6,028059312E1	2,495619865E1	-5,337105010E0	1,387930679E1	1,573666811E0	1,590823458E2	1,129917668E-1	6,000906205E0	6,000906205E0	0,000000000E0
4,632874215E1	6,028057446E1	2,495620767E1	-5,371789686E0	1,384458588E1	1,622786999E0	1,643472741E2	1,147444208E-1	6,000906205E0	6,000906205E0	0,000000000E0
4,732873356E1	6,028055945E1	2,495621737E1	-5,374581013E0	1,384176091E1	1,475392222E0	1,628787015E2	1,168039623E-1	6,000906205E0	6,000906205E0	0,000000000E0
4,832872415E1	6,028054183E1	2,495622885E1	-5,567503709E0	1,364879856E1	1,774825931E0	1,629182210E2	1,188753573E-1	6,000906205E0	6,000906205E0	0,000000000E0
4,932871592E1	6,028052895E1	2,495625601E1	-5,561817498E0	1,365442148E1	1,708565116E0	1,550049824E2	1,209436668E-1	6,000906205E0	6,000906205E0	0,000000000E0
5,032870638E1	6,028051296E1	2,495627517E1	-5,735125789E0	1,348106120E1	1,708565116E0	1,557705373E2	1,227461121E-1	6,000906205E0	6,000906205E0	0,000000000E0
5,132869709E1	6,028049774E1	2,495628644E1	-5,893115361E0	1,332303492E1	1,604523897E0	1,551688523E2	1,237560218E-1	6,000906205E0	6,000906205E0	0,000000000E0
5,232868838E1	6,028049083E1	2,495629833E1	-5,884934955E0	1,333118627E1	1,510601401E0	1,525006252E2	1,248970730E-1	6,000906205E0	6,000906205E0	0,000000000E0
5,332867956E1	6,028048061E1	2,495629663E1	-5,805925357E0	1,341018815E1	1,595154643E0	1,514472598E2	1,263752202E-1	6,000906205E0	6,000906205E0	0,000000000E0
5,432867026E1	6,028046794E1	2,495630479E1	-5,583789028E0	1,363229615E1	1,532952547E0	1,512688689E2	1,281970570E-1	6,000906205E0	6,000906205E0	0,000000000E0
5,532866132E1	6,028045271E1	2,495631696E1	-5,534659724E0	1,368138707E1	1,548981905E0	1,511404340E2	1,304851300E-1	6,000906205E0	6,000906205E0	0,000000000E0
5,632865214E1	6,028043325E1	2,495633042E1	-5,483935520E0	1,373206604E1	1,548981905E0	1,562830610E2	1,320198240E-1	6,000906205E0	6,000906205E0	0,000000000E0
5,732864308E1	6,028041984E1	2,495633705E1	-5,538960075E0	1,367701518E1	1,692957759E0	1,526277897E2	1,338761476E-1	6,000906205E0	6,000906205E0	0,000000000E0
5,832863462E1	6,028040347E1	2,495634363E1	-5,493971698E0	1,372197418E1	1,692957759E0	1,487323962E2	1,354406898E-1	6,000906205E0	6,000906205E0	0,000000000E0
5,932862532E1	6,028039167E1	2,495635908E1	-5,499235222E0	1,371666991E1	1,606516600E0	1,494033257E2	1,367032774E-1	6,000906205E0	6,000906205E0	0,000000000E0
6,032861555E1	6,028038139E1	2,495636884E1	-5,584832981E0	1,363104343E1	1,474400520E0	1,484518257E2	1,381821643E-1	6,000906205E0	6,000906205E0	0,000000000E0
6,132860649E1	6,028037086E1	2,495638522E1	-5,612512721E0	1,360332259E1	1,425738573E0	1,509288758E2	1,398381565E-1	6,000906205E0	6,000906205E0	0,000000000E0
6,232859707E1	6,028035913E1	2,495640374E1	-5,543672736E0	1,367211629E1	1,544218779E0	1,529867981E2	1,411352403E-1	6,000906205E0	6,000906205E0	0,000000000E0
6,332858789E1	6,028034916E1	2,495641595E1	-5,661135742E0	1,355462039E1	1,544218779E0	1,530132992E2	1,422507927E-1	6,000906205E0	6,000906205E0	0,000000000E0
6,432857847E1	6,028033951E1	2,495642149E1	-5,914286987E0	1,330144880E1	1,544218779E0	1,524947922E2	1,439624635E-1	6,000906205E0	6,000906205E0	0,000000000E0
6,532856977E1	6,028032798E1	2,495644207E1	-6,156709145E0	1,305897681E1	1,562916756E0	1,514047214E2	1,463596629E-1	6,000906205E0	6,000906205E0	0,000000000E0
6,632855999E1	6,028031076E1	2,495646822E1	-6,278963705E0	1,293665619E1	1,593711495E0	1,512593749E2	1,484537713E-1	6,000906205E0	6,000906205E0	0,000000000E0
6,732855093E1	6,028029288E1	2,495648013E1	-6,431147168E0	1,278443201E1	1,655668139E0	1,514997430E2	1,502949450E-1	6,000906205E0	6,000906205E0	0,000000000E0
6,832854152E1	6,028028028E1	2,495650180E1	-6,772212582E0	1,244331362E1	1,669384003E0	1,531353820E2	1,526866971E-1	6,000906205E0	6,000906205E0	0,000000000E0
6,932853150E1	6,028026356E1	2,495652910E1	-6,838324889E0	1,237713370E1	1,669384003E0	1,577960436E2	1,546880046E-1	6,000906205E0	6,000906205E0	0,000000000E0
7,032852256E1	6,028024909E1	2,495655070E1	-6,530468912E0	1,268493485E1	1,669384003E0	1,559256782E2	1,565519150E-1	6,000906205E0	6,000906205E0	0,000000000E0
7,132851267E1	6,028023291E1	2,495655950E1	-6,219048245E0	1,299632231E1	1,622352123E0	1,556853922E2	1,581933767E-1	6,000906205E0	6,000906205E0	0,000000000E0
7,232850420E1	6,028021853E1	2,495656627E1	-6,029760829E0	1,318558212E1	1,575518012E0	1,553744137E2	1,595137189E-1	6,000906205E0	6,000906205E0	0,000000000E0
7,332849419E1	6,028020737E1	2,495657442E1	-6,033775677E0	1,318154054E1	1,575518012E0	1,520233179E2	1,604291412E-1	6,000906205E0	6,000906205E0	0,000000000E0
7,432848549E1	6,028020035E1	2,495658310E1	-6,064177715E0	1,315111520E1	1,518163204E0	1,515194959E2	1,615077791E-1	6,000906205E0	6,000906205E0	0,000000000E0
7,532847548E1	6,028019278E1	2,495659533E1	-6,180815305E0	1,303444723E1	1,518163204E0	1,520060512E2	1,630548030E-1	6,000906205E0	6,000906205E0	0,000000000E0
7,632846582E1	6,028018256E1	2,495661438E1	-6,372393794E0	1,284282309E1	1,659943938E0	1,525171270E2	1,652687070E-1	6,000906205E0	6,000906205E0	0,000000000E0
7,732845712E1	6,028016437E1	2,495663073E1	-6,439942720E0	1,277522501E1	1,516821861E0	1,521468487E2	1,674244651E-1	6,000906205E0	6,000906205E0	0,000000000E0
7,832844770E1	6,028014660E1	2,495664632E1	-6,397487313E0	1,281763308E1	1,516821861E0	1,518021291E2	1,694506797E-1	6,000906205E0	6,000906205E0	0,000000000E0
7,932843792E1	6,028013183E1	2,495666785E1	-6,360481814E0	1,285458357E1	1,342823148E0	1,502954713E2	1,709200044E-1	6,000906205E0	6,000906205E0	0,000000000E0
8,032842803E1	6,028012008E1	2,495668005E1	-6,577606757E0	1,263742389E1	1,342823148E0	1,508901896E2	1,731115421E-1	6,000906205E0	6,000906205E0	0,000000000E0
8,132841897E1	6,028010347E1	2,495670146E1	-6,830550419E0	1,238442348E1	1,629740119E0	1,510927047E2	1,754370384E-1	6,000906205E0	6,000906205E0	0,000000000E0
8,232841015E1	6,028008430E1	2,495671830E1	-7,050116017E0	1,216480680E1	1,480465651E0	1,507084929E2	1,775009292E-1	6,000906205E0	6,000906205E0	0,000000000E0
8,332840037E1	6,028006838E1	2,495673757E1	-7,309753859E0	1,190511686E1	1,480465651E0	1,475557049E2	1,790754313E-1	6,000906205E0	6,000906205E0	0,000000000E0
8,432839072E1	6,028005751E1	2,495675588E1	-7,730427574E0	1,148439816E1	1,480465651E0	1,489809604E2	1,810588365E-1	6,000906205E0	6,000906205E0	0,000000000E0
8,532838094E1	6,028004274E1	2,495677603E1	-8,394338025E0	1,082043521E1	1,451509953E0	1,468595310E2	1,825490833E-1	6,000906205E0	6,000906205E0	0,000000000E0
8,632837200E1	6,028003131E1	2,495679016E1	-9,072569944E0	1,014216536E1	1,490675211E0	1,478784996E2	1,836711250E-1	6,000906205E0	6,000906205E0	0,000000000E0
8,732836223E1	6,028002266E1	2,495680065E1	-9,634141065E0	9,580565895E0	1,368009686E0	1,483769941E2	1,851266239E-1	6,000906205E0	6,000906205E0	0,000000000E0
8,832835317E1	6,028001223E1	2,495681660E1	-9,910496413E0	9,304170337E0	1,372255683E0	1,479127598E2	1,869726380E-1	6,000906205E0	6,000906205E0	0,000000000E0
8,932834363E1	6,027999736E1	2,495683150E1	-1,006649566E1	9,148128103E0	1,372255683E0	1,509113222E2	1,883273267E-1	6,000906205E0	6,000906205E0	0,000000000E0
9,032833374E1	6,027998624E1	2,495684150E1	-1,021198299E1	9,002610713E0	1,429072499E0	1,516006522E2	1,897330976E-1	6,000906205E0	6,000906205E0	0,000000000E0
9,132832479E1	6,027997622E1	2,495685705E1	-1,041272382E1	8,801830829E0	1,461791635E0	1,522450669E2	1,914015929E-1	6,000906205E0	6,000906205E0	0,000000000E0
9,232831550E1	6,027996347E1	2,495687302E1	-1,051878240E1	8,695729546E0	1,497095823E0	1,504548606E2	1,933333603E-1	6,000906205E0	6,000906205E0	0,000000000E0
9,332830501E1	6,027994612E1	2,495687461E1	-1,052016548E1	8,694325195E0	1,589657784E0	1,534037948E2	1,947097640E-1	6,000906205E0	6,000906205E0	0,000000000E0
9,432829583E1	6,027993376E1	2,495687602E1	-1,051642019E1	8,698054810E0	1,550342083E0	1,483454660E2	1,955395273E-1	6,000906205E0	6,000906205E0	0,000000000E0
9,532828569E1	6,027993175E1	2,495689052E1	-1,026191674E1	8,952529628E0	1,550342083E0	1,484619344E2	1,965036762E-1	6,000906205E0	6,000906205E0	0,000000000E0
9,632827663E1	6,027992331E1	2,495689450E1	-1,005571703E1	9,158713127E0	1,440935731E0	1,537385560E2	1,982046026E-1	6,000906205E0	6,000906205E0	0,000000000E0
9,732826722E1	6,027990826E1	2,495690000E1	-1,009035478E1	9,124049382E0	1,507828712E0	1,557294742E2	1,999136476E-1	6,000906205E0	6,000906205E0	0,000000000E0
9,832825756E1	6,027989291E1	2,495690167E1	-1,030093394E1	8,913450913E0	1,624865413E0	1,569244704E2	2,015369380E-1	6,000906205E0	6,000906205E0	0,000000000E0
9,932824862E1	6,027987932E1	2,495691244E1	-1,037997482E1	8,834375970E0	1,624865413E0	1,565958017E2	2,037194076E-1	6,000906205E0	6,000906205E0	0,000000000E0
1,003282387E2	6,027985987E1	2,495691774E1	-1,040770163E1	8,806618868E0	1,624865413E0	1,560815568E2	2,050565997E-1	6,000906205E0	6,000906205E0	0,000000000E0
1,013282293E2	6,027984784E1	2,495691777E1	-1,030205248E1	8,912255229E0	1,433060527E0	1,578926634E2	2,065088900E-1	6,000906205E0	6,000906205E0	0,000000000E0
1,023282193E2	6,027983746E1	2,495693374E1	-1,012556708E1	9,088700431E0	1,229628563E0	1,577491885E2	2,079437236E-1	6,000906205E0	6,000906205E0	0,000000000E0
1,033282095E2	6,027982502E1	2,495694068E1	-9,965298411E0	9,248943248E0	1,233971238E0	1,541965066E2	2,092592132E-1	6,000906205E0	6,000906205E0	0,000000000E0
1,043282003E2	6,027981412E1	2,495694997E1	-9,972102849E0	9,242110273E0	1,233971238E0	1,521338167E2	2,108917636E-1	6,000906205E0	6,000906205E0	0,000000000E0
1,053281907E2	6,027980204E1	2,495696680E1	-1,015903087E1	9,055138684E0	1,434992552E0	1,573530921E2	2,126120403E-1	6,000906205E0	6,000906205E0	0,000000000E0
1,063281811E2	6,027978847E1	2,495698179E1	-1,026164089E1	8,952486894E0	1,487853765E0	1,571461920E2	2,138905922E-1	6,000906205E0	6,000906205E0	0,000000000E0
1,073281721E2	6,027978403E1	2,495700318E1	-1,018421562E1	9,029868342E0	1,587480426E0	1,521233666E2	2,149435378E-1	6,000906205E0	6,000906205E0	0,000000000E0
1,083281614E2	6,027977680E1	2,495701553E1	-1,013222676E1	9,081826973E0	1,596480727E0	1,538071038E2	2,166566036E-1	6,000906205E0	6,000906205E0	0,000000000E0
1,093281531E2	6,027976277E1	2,495702834E1	-1,007489411E1	9,139121336E0	1,596480727E0	1,546761907E2	2,186485058E-1	6,000906205E0	6,000906205E0	0,000000000E0
1,103281437E2	6,027974641E1	2,495704308E1	-9,876182369E0	9,337788808E0	1,631214976E0	1,578160697E2	2,204069889E-1	6,000906205E0	6,000906205E0	0,000000000E0
1,113281331E2	6,027973091E1	2,495704943E1	-9,598850666E0	9,615092492E0	1,631214976E0	1,586977651E2	2,222292061E-1	6,000906205E0	6,000906205E0	0,000000000E0
1,123281243E2	6,027971550E1	2,495706067E1	-9,301380198E0	9,912526081E0	1,244988322E0	1,558391124E2	2,239834885E-1	6,000906205E0	6,000906205E0	0,000000000E0
1,133281143E2	6,027970384E1	2,495708209E1	-8,997535742E0	1,021631902E1	1,261772037E0	1,540786858E2	2,250701593E-1	6,000906205E0	6,000906205E0	0,000000000E0
1,143281047E2	6,027969441E1	2,495708733E1	-8,799441048E0	1,041439416E1	1,261772037E0	1,568779842E2	2,259651557E-1	6,000906205E0	6,000906205E0	0,000000000E0
1,153280958E2	6,027968642E1	2,495708915E1	-8,532328616E0	1,068149479E1	1,387614608E0	1,564745795E2	2,274574813E-1	6,000906205E0	6,000906205E0	0,000000000E0
1,163280863E2	6,027967314E1	2,495709307E1	-8,526344259E0	1,068745792E1	1,387614608E0	1,547972900E2	2,291671308E-1	6,000906205E0	6,000906205E0	0,000000000E0
1,173280767E2	6,027965862E1	2,495710329E1	-8,372947106E0	1,084082103E1	1,359064460E0	1,496868605E2	2,303740448E-1	6,000906205E0	6,000906205E0	0,000000000E0
1,183280667E2	6,027965145E1	2,495711972E1	-8,283226999E0	1,093050349E1	1,469914556E0	1,481258617E2	2,322891915E-1	6,000906205E0	6,000906205E0	0,000000000E0
1,193280575E2	6,027963658E1	2,495713726E1	-8,172420470E0	1,104126221E1	1,469914556E0	1,480083961E2	2,337767305E-1	6,000906205E0	6,000906205E0	0,000000000E0
1,203280476E2	6,027962516E1	2,495715132E1	-7,643874892E0	1,156976998E1	1,488941193E0	1,485685536E2	2,355255557E-1	6,000906205E0	6,000906205E0	0,000000000E0
1,213280382E2	6,027961274E1	2,495717078E1	-7,147456449E0	1,206613969E1	1,510527253E0	1,501678014E2	2,375354322E-1	6,000906205E0	6,000906205E0	0,000000000E0
1,223280295E2	6,027959563E1	2,495718250E1	-6,614106727E0	1,259944987E1	1,489487886E0	1,507247351E2	2,388799450E-1	6,000906205E0	6,000906205E0	0,000000000E0
1,233280187E2	6,027958414E1	2,495719015E1	-6,024464827E0	1,318906562E1	1,494215131E0	1,546297181E2	2,403428564E-1	6,000906205E0	6,000906205E0	0,000000000E0
1,243280094E2	6,027957132E1	2,495719606E1	-5,473853638E0	1,373965242E1	1,489487886E0	1,540630583E2	2,416860309E-1	6,000906205E0	6,000906205E0	0,000000000E0
1,253280004E2	6,027955952E1	2,495720127E1	-4,823081546E0	1,439040250E1	1,467458248E0	1,525695418E2	2,429848056E-1	6,000906205E0	6,000906205E0	0,000000000E0
1,263279899E2	6,027954841E1	2,495720853E1	-4,254840721E0	1,495861827E1	1,276198626E0	1,504294933E2	2,440672655E-1	6,000906205E0	6,000906205E0	0,000000000E0
1,273279810E2	6,027954144E1	2,495722225E1	-3,612591918E0	1,560083462E1	1,374231696E0	1,438090592E2	2,452319519E-1	6,000906205E0	6,000906205E0	0,000000000E0
1,283279717E2	6,027953371E1	2,495723651E1	-3,149514216E0	1,606387805E1	1,434457541E0	1,454690411E2	2,466867338E-1	6,000906205E0	6,000906205E0	0,000000000E0
1,293279622E2	6,027952489E1	2,495725599E1	-2,734270100E0	1,647907721E1	1,434457541E0	1,461465959E2	2,484869216E-1	6,000906205E0	6,000906205E0	0,000000000E0
1,303279526E2	6,027951161E1	2,495727467E1	-2,299244642E0	1,691405445E1	1,589152575E0	1,437557018E2	2,505406268E-1	6,000906205E0	6,000906205E0	0,000000000E0
1,313279428E2	6,027949713E1	2,495729779E1	-1,941776278E0	1,727146520E1	1,589152575E0	1,429614737E2	2,524447386E-1	6,000906205E0	6,000906205E0	0,000000000E0
1,323279330E2	6,027948100E1	2,495730943E1	-1,595696138E0	1,761750699E1	1,328622222E0	1,429148919E2	2,540723690E-1	6,000906205E0	6,000906205E0	0,000000000E0
1,333279234E2	6,027946724E1	2,495731948E1	-1,207594235E0	1,800557594E1	1,331676483E0	1,444713963E2	2,549955757E-1	6,000906205E0	6,000906205E0	0,000000000E0
1,343279141E2	6,027946494E1	2,495733557E1	-6,990410074E-1	1,851409731E1	1,331676483E0	1,458466003E2	2,568406728E-1	6,000906205E0	6,000906205E0	0,000000000E0
1,353279049E2	6,027945231E1	2,495735726E1	-3,670315776E-2	1,917638212E1	1,378653049E0	1,443497917E2	2,581529133E-1	6,000906205E0	6,000906205E0	0,000000000E0
1,363278946E2	6,027944157E1	2,495736712E1	7,367776809E-1	1,994983355E1	1,382960677E0	1,464571919E2	2,592732359E-1	6,000906205E0	6,000906205E0	0,000000000E0
1,373278854E2	6,027943434E1	2,495738128E1	1,267541848E0	2,048056417E1	1,339574695E0	1,456249333E2	2,602812887E-1	6,000906205E0	6,000906205E0	0,000000000E0
1,383278755E2	6,027942643E1	2,495739022E1	1,725532213E0	2,093852982E1	1,456558347E0	1,463283882E2	2,620242061E-1	6,000906205E0	6,000906205E0	0,000000000E0
1,393278663E2	6,027941277E1	2,495740574E1	2,132531603E0	2,134548637E1	1,339574695E0	1,467381859E2	2,634186045E-1	6,000906205E0	6,000906205E0	0,000000000E0
1,403278567E2	6,027940107E1	2,495741481E1	2,524137829E0	2,173706362E1	1,404666424E0	1,470125955E2	2,650142000E-1	6,000906205E0	6,000906205E0	0,000000000E0
1,413278474E2	6,027938722E1	2,495742242E1	3,060380113E0	2,227327733E1	1,404666424E0	1,464558805E2	2,658308401E-1	6,000906205E0	6,000906205E0	0,000000000E0
1,423278379E2	6,027938206E1	2,495743297E1	3,378568595E0	2,259144107E1	1,519545674E0	1,480023719E2	2,672981655E-1	6,000906205E0	6,000906205E0	0,000000000E0
1,433278286E2	6,027937069E1	2,495744648E1	3,795503358E0	2,300833908E1	1,519545674E0	1,481929479E2	2,692905468E-1	6,000906205E0	6,000906205E0	0,000000000E0
1,443278189E2	6,027935498E1	2,495746384E1	4,164429349E0	2,337721669E1	1,479056001E0	1,501564906E2	2,707660275E-1	6,000906205E0	6,000906205E0	0,000000000E0
1,453278095E2	6,027934212E1	2,495747042E1	4,341245793E0	2,355400748E1	1,479056001E0	1,514311542E2	2,722393794E-1	6,000906205E0	6,000906205E0	0,000000000E0
1,463277993E2	6,027933359E1	2,495749087E1	4,563693467E0	2,377640872E1	1,449283004E0	1,544060977E2	2,732767192E-1	6,000906205E0	6,000906205E0	0,000000000E0
1,473277901E2	6,027932488E1	2,495749762E1	4,705377784E0	2,391807149E1	1,496130824E0	1,762767050E2	2,749617493E-1	6,000906205E0	6,000906205E0	0,000000000E0
1,483277808E2	6,027931074E1	2,495748660E1	5,012514860E0	2,422521375E1	1,496130824E0	1,897417672E2	2,765497488E-1	6,000906205E0	6,000906205E0	0,000000000E0
1,493277709E2	6,027929834E1	2,495747233E1	5,407750461E0	2,462046232E1	1,335536122E0	2,112809190E2	2,776189392E-1	6,000906205E0	6,000906205E0	0,000000000E0
1,503277615E2	6,027929084E1	2,495746019E1	6,000379265E0	2,521310538E1	1,127618670E0	2,378497538E2	2,786612762E-1	6,000906205E0	6,000906205E0	0,000000000E0
1,513277520E2	6,027928335E1	2,495744882E1	6,688834333E0	2,590157332E1	1,127618670E0	2,460601057E2	2,798063996E-1	6,000906205E0	6,000906205E0	0,000000000E0
1,523277427E2	6,027927786E1	2,495743124E1	7,010634490E0	2,622339980E1	1,304008722E0	2,335656406E2	2,814508432E-1	6,000906205E0	6,000906205E0	0,000000000E0
1,533277329E2	6,027926827E1	2,495740853E1	7,063914787E0	2,627671150E1	1,304008722E0	2,386553883E2	2,833445567E-1	6,000906205E0	6,000906205E0	0,000000000E0
1,543277236E2	6,027925404E1	2,495738968E1	7,623792617E0	2,683660873E1	1,304008722E0	2,549093534E2	2,849318171E-1	6,000906205E0	6,000906205E0	0,000000000E0
1,553277138E2	6,027925470E1	2,495736091E1	8,173249374E0	2,738611879E1	1,343246341E0	2,564979461E2	2,865472082E-1	6,000906205E0	6,000906205E0	0,000000000E0
1,563277047E2	6,027925071E1	2,495733274E1	8,913158627E0	2,812607535E1	1,404933333E0	2,563431194E2	2,884967033E-1	6,000906205E0	6,000906205E0	0,000000000E0
1,573276943E2	6,027924412E1	2,495729997E1	9,657607071E0	2,887057675E1	1,512187839E0	2,532525134E2	2,907588407E-1	6,000906205E0	6,000906205E0	0,000000000E0
1,583276849E2	6,027924916E1	2,495726021E1	1,025846401E1	2,947151172E1	1,512187839E0	2,549486133E2	2,925335808E-1	6,000906205E0	6,000906205E0	0,000000000E0
1,593276756E2	6,027924795E1	2,495722811E1	1,040158746E1	2,961469260E1	1,406749845E0	2,554855755E2	2,936564808E-1	6,000906205E0	6,000906205E0	0,000000000E0
1,603276656E2	6,027924773E1	2,495720774E1	1,055859699E1	2,977173914E1	1,356791615E0	2,593419549E2	2,958443816E-1	6,000906205E0	6,000906205E0	0,000000000E0
1,613276563E2	6,027924764E1	2,495716806E1	1,045426153E1	2,966747617E1	1,356791615E0	2,643629363E2	2,980014790E-1	6,000906205E0	6,000906205E0	0,000000000E0
1,623276471E2	6,027924585E1	2,495712909E1	1,039391260E1	2,960719658E1	1,452307701E0	2,661209723E2	2,995846246E-1	6,000906205E0	6,000906205E0	0,000000000E0
1,633276380E2	6,027924473E1	2,495710047E1	1,045645472E1	2,966978987E1	1,474197388E0	2,642678054E2	3,012683734E-1	6,000906205E0	6,000906205E0	0,000000000E0
1,643276273E2	6,027925025E1	2,495707203E1	1,056286564E1	2,977625865E1	1,474197388E0	2,637139863E2	3,025811492E-1	6,000906205E0	6,000906205E0	0,000000000E0
1,653276179E2	6,027924744E1	2,495704890E1	1,094402262E1	3,015745495E1	1,499650002E0	2,633684607E2	3,043777149E-1	6,000906205E0	6,000906205E0	0,000000000E0
1,663276081E2	6,027924964E1	2,495701661E1	1,127640499E1	3,048989869E1	1,600273609E0	2,649342953E2	3,064039712E-1	6,000906205E0	6,000906205E0	0,000000000E0
1,673275988E2	6,027925516E1	2,495698159E1	1,139016919E1	3,060373279E1	1,347285748E0	2,665082441E2	3,085283997E-1	6,000906205E0	6,000906205E0	0,000000000E0
1,683275894E2	6,027925865E1	2,495694370E1	1,155654403E1	3,077018061E1	1,448249936E0	2,674250467E2	3,104007113E-1	6,000906205E0	6,000906205E0	0,000000000E0
1,693275799E2	6,027926145E1	2,495691021E1	1,163686265E1	3,085056344E1	1,448249936E0	2,657531257E2	3,122597705E-1	6,000906205E0	6,000906205E0	0,000000000E0
1,703275725E2	6,027926523E1	2,495687736E1	1,153067549E1	3,074444036E1	1,448249936E0	2,662399815E2	3,136493026E-1	6,000906205E0	6,000906205E0	0,000000000E0
1,713275615E2	6,027926362E1	2,495685236E1	1,152402107E1	3,073782995E1	1,549198985E0	2,656331875E2	3,148156596E-1	6,000906205E0	6,000906205E0	0,000000000E0
1,723275515E2	6,027926306E1	2,495683123E1	1,150024791E1	3,071409484E1	1,608876467E0	2,658838008E2	3,166461430E-1	6,000906205E0	6,000906205E0	0,000000000E0
1,733275419E2	6,027926570E1	2,495679846E1	1,132712109E1	3,054103075E1	1,636686563E0	2,685805508E2	3,182282696E-1	6,000906205E0	6,000906205E0	0,000000000E0
1,743275326E2	6,027926571E1	2,495676976E1	1,119182781E1	3,040578997E1	1,608876467E0	2,691819626E2	3,195005954E-1	6,000906205E0	6,000906205E0	0,000000000E0
1,753275229E2	6,027926700E1	2,495674682E1	1,107001307E1	3,028401853E1	1,582433581E0	2,702028300E2	3,210539446E-1	6,000906205E0	6,000906205E0	0,000000000E0
1,763275137E2	6,027926541E1	2,495671883E1	1,113977173E1	3,035382670E1	1,561231136E0	2,721226049E2	3,219622105E-1	6,000906205E0	6,000906205E0	0,000000000E0
1,773275036E2	6,027926521E1	2,495670236E1	1,141498069E1	3,062906557E1	1,227362752E0	2,680694341E2	3,230928288E-1	6,000906205E0	6,000906205E0	0,000000000E0
1,783274937E2	6,027926383E1	2,495668204E1	1,150582330E1	3,071994387E1	1,295817614E0	2,718643418E2	3,252568348E-1	6,000906205E0	6,000906205E0	0,000000000E0
1,793274848E2	6,027926479E1	2,495664283E1	1,152864753E1	3,074284082E1	1,227362752E0	2,710800448E2	3,261978246E-1	6,000906205E0	6,000906205E0	0,000000000E0
1,803274755E2	6,027926172E1	2,495662693E1	1,169056102E1	3,090478015E1	1,167652845E0	2,641847776E2	3,273356881E-1	6,000906205E0	6,000906205E0	0,000000000E0
1,813274660E2	6,027926156E1	2,495660629E1	1,181359738E1	3,102785408E1	1,167652845E0	2,619551307E2	3,286488640E-1	6,000906205E0	6,000906205E0	0,000000000E0
1,823274558E2	6,027925435E1	2,495658742E1	1,232127125E1	3,153555484E1	1,635983706E0	2,594641880E2	3,301396635E-1	6,000906205E0	6,000906205E0	0,000000000E0
1,833274460E2	6,027925077E1	2,495656136E1	1,259632753E1	3,181065497E1	1,734342933E0	2,616974959E2	3,317060077E-1	6,000906205E0	6,000906205E0	0,000000000E0
1,843274366E2	6,027924839E1	2,495653336E1	1,264921526E1	3,186359140E1	1,685301542E0	2,606023161E2	3,331875970E-1	6,000906205E0	6,000906205E0	0,000000000E0
1,853274270E2	6,027924831E1	2,495650648E1	1,252015211E1	3,173457731E1	1,685301542E0	2,606123155E2	3,345647394E-1	6,000906205E0	6,000906205E0	0,000000000E0
1,863274175E2	6,027924827E1	2,495648150E1	1,259131506E1	3,180578590E1	1,529616594E0	2,603126887E2	3,361082758E-1	6,000906205E0	6,000906205E0	0,000000000E0
1,873274081E2	6,027924520E1	2,495645419E1	1,286805725E1	3,208257479E1	1,510630012E0	2,623003284E2	3,371660721E-1	6,000906205E0	6,000906205E0	0,000000000E0
1,883273987E2	6,027924396E1	2,495643517E1	1,331179528E1	3,252634629E1	1,510630012E0	2,644668098E2	3,384724825E-1	6,000906205E0	6,000906205E0	0,000000000E0
1,893273891E2	6,027924267E1	2,495641161E1	1,369039145E1	3,290498417E1	1,422588110E0	2,565636252E2	3,398087744E-1	6,000906205E0	6,000906205E0	0,000000000E0
1,903273793E2	6,027924069E1	2,495638770E1	1,389061716E1	3,310525150E1	1,251384258E0	2,564169128E2	3,413565651E-1	6,000906205E0	6,000906205E0	0,000000000E0
1,913273705E2	6,027923659E1	2,495636087E1	1,423946219E1	3,345414126E1	1,251384258E0	2,550935226E2	3,427777464E-1	6,000906205E0	6,000906205E0	0,000000000E0
1,923273607E2	6,027923818E1	2,495633530E1	1,452460830E1	3,373933584E1	1,377334118E0	2,548827157E2	3,437182080E-1	6,000906205E0	6,000906205E0	0,000000000E0
1,933273513E2	6,027923466E1	2,495631979E1	1,484413643E1	3,405888859E1	1,527236938E0	2,534214923E2	3,454050026E-1	6,000906205E0	6,000906205E0	0,000000000E0
1,943273410E2	6,027923024E1	2,495629052E1	1,497590840E1	3,419070942E1	1,527236938E0	2,517879296E2	3,467911358E-1	6,000906205E0	6,000906205E0	0,000000000E0
1,953273319E2	6,027922863E1	2,495626558E1	1,501222851E1	3,422707342E1	1,527236938E0	2,542235478E2	3,480835977E-1	6,000906205E0	6,000906205E0	0,000000000E0
1,963273226E2	6,027922403E1	2,495624405E1	1,501379963E1	3,422867904E1	1,389690042E0	2,500453845E2	3,496446248E-1	6,000906205E0	6,000906205E0	0,000000000E0
1,973273125E2	6,027921767E1	2,495621881E1	1,504341978E1	3,425833862E1	1,423486352E0	2,511815454E2	3,510048948E-1	6,000906205E0	6,000906205E0	0,000000000E0
1,983273032E2	6,027921588E1	2,495619440E1	1,529071827E1	3,450567986E1	1,423486352E0	2,594991586E2	3,519694392E-1	6,000906205E0	6,000906205E0	0,000000000E0
1,993272933E2	6,027922109E1	2,495618042E1	1,550376904E1	3,471876172E1	1,360174537E0	2,568971843E2	3,532131096E-1	6,000906205E0	6,000906205E0	0,000000000E0
2,003272842E2	6,027922011E1	2,495615794E1	1,553422581E1	3,474925855E1	1,360174537E0	2,549044357E2	3,551838190E-1	6,000906205E0	6,000906205E0	0,000000000E0
2,013272744E2	6,027921809E1	2,495612243E1	1,579507596E1	3,501017150E1	1,294647694E0	2,551658134E2	3,570569411E-1	6,000906205E0	6,000906205E0	0,000000000E0
2,023272778E2	6,027922107E1	2,495608899E1	1,578938173E1	3,500454158E1	1,447345853E0	2,546397522E2	3,585768043E-1	6,000906205E0	6,000906205E0	0,000000000E0
2,033272555E2	6,027922018E1	2,495606148E1	1,567276434E1	3,488797357E1	1,538609385E0	2,547963548E2	3,599824435E-1	6,000906205E0	6,000906205E0	0,000000000E0
2,043272462E2	6,027921660E1	2,495603702E1	1,557173941E1	3,478698958E1	1,538609385E0	2,581580373E2	3,614638359E-1	6,000906205E0	6,000906205E0	0,000000000E0
2,053272364E2	6,027921531E1	2,495601027E1	1,576695800E1	3,498225571E1	1,601687431E0	2,578240410E2	3,629820754E-1	6,000906205E0	6,000906205E0	0,000000000E0
2,063272274E2	6,027921373E1	2,495598292E1	1,595920274E1	3,517454880E1	1,601687431E0	2,547215778E2	3,641994542E-1	6,000906205E0	6,000906205E0	0,000000000E0
2,073272179E2	6,027921373E1	2,495596083E1	1,600415480E1	3,521954124E1	1,515329361E0	2,555472658E2	3,654316574E-1	6,000906205E0	6,000906205E0	0,000000000E0
2,083272084E2	6,027921063E1	2,495593937E1	1,608538607E1	3,530080847E1	1,713254094E0	2,556585159E2	3,665601400E-1	6,000906205E0	6,000906205E0	0,000000000E0
2,093271986E2	6,027920720E1	2,495592011E1	1,603717256E1	3,525262657E1	1,570842385E0	2,553159136E2	3,684356685E-1	6,000906205E0	6,000906205E0	0,000000000E0
2,103271892E2	6,027920247E1	2,495588745E1	1,592003308E1	3,513554180E1	1,570842385E0	2,532562837E2	3,696308594E-1	6,000906205E0	6,000906205E0	0,000000000E0
2,113271794E2	6,027920185E1	2,495586581E1	1,555189834E1	3,476744599E1	1,289993405E0	2,545538830E2	3,717485873E-1	6,000906205E0	6,000906205E0	0,000000000E0
2,123271693E2	6,027919960E1	2,495582766E1	1,505633761E1	3,427195264E1	1,329282045E0	2,516302889E2	3,736974883E-1	6,000906205E0	6,000906205E0	0,000000000E0
2,133271601E2	6,027919511E1	2,495579349E1	1,485285728E1	3,406853006E1	1,544710636E0	2,515665769E2	3,755026292E-1	6,000906205E0	6,000906205E0	0,000000000E0
2,143271509E2	6,027918929E1	2,495576292E1	1,454101649E1	3,375673902E1	1,544710636E0	2,537292333E2	3,773066767E-1	6,000906205E0	6,000906205E0	0,000000000E0
2,153271407E2	6,027918520E1	2,495573125E1	1,448944434E1	3,370522045E1	1,712928772E0	2,549325214E2	3,792047443E-1	6,000906205E0	6,000906205E0	0,000000000E0
2,163271310E2	6,027918296E1	2,495569712E1	1,458947185E1	3,380530800E1	1,712928772E0	2,549805240E2	3,809427690E-1	6,000906205E0	6,000906205E0	0,000000000E0
2,173271216E2	6,027918105E1	2,495566583E1	1,463171973E1	3,384761108E1	1,566463828E0	2,558606348E2	3,823608948E-1	6,000906205E0	6,000906205E0	0,000000000E0
2,183271127E2	6,027917931E1	2,495564034E1	1,476005218E1	3,397598830E1	1,600015402E0	2,555656253E2	3,833738721E-1	6,000906205E0	6,000906205E0	0,000000000E0
2,193271021E2	6,027917794E1	2,495562218E1	1,503806020E1	3,425402808E1	1,580213547E0	2,564549159E2	3,849600979E-1	6,000906205E0	6,000906205E0	0,000000000E0
2,203270929E2	6,027917792E1	2,495559340E1	1,535582705E1	3,457184752E1	1,580213547E0	2,508308016E2	3,863206360E-1	6,000906205E0	6,000906205E0	0,000000000E0
2,213270832E2	6,027917886E1	2,495556880E1	1,560986688E1	3,482593335E1	1,231723666E0	2,502323950E2	3,878473891E-1	6,000906205E0	6,000906205E0	0,000000000E0
2,223270744E2	6,027917185E1	2,495554498E1	1,572992457E1	3,494602718E1	1,299051642E0	2,511026977E2	3,895626620E-1	6,000906205E0	6,000906205E0	0,000000000E0
2,233270640E2	6,027916707E1	2,495551540E1	1,585721222E1	3,507336387E1	1,583333492E0	2,518093491E2	3,917861923E-1	6,000906205E0	6,000906205E0	0,000000000E0
2,243270553E2	6,027916391E1	2,495547557E1	1,592783439E1	3,514405553E1	1,568724036E0	2,513006366E2	3,937018272E-1	6,000906205E0	6,000906205E0	0,000000000E0
2,253270454E2	6,027916292E1	2,495544088E1	1,590195840E1	3,511824193E1	1,583333492E0	2,513434482E2	3,958468564E-1	6,000906205E0	6,000906205E0	0,000000000E0
2,263270364E2	6,027916011E1	2,495540238E1	1,577020003E1	3,498655099E1	1,729601145E0	2,505509004E2	3,978466822E-1	6,000906205E0	6,000906205E0	0,000000000E0
2,273270266E2	6,027915307E1	2,495536900E1	1,587434412E1	3,509074866E1	1,554595113E0	2,490332324E2	3,996119648E-1	6,000906205E0	6,000906205E0	0,000000000E0
2,283270169E2	6,027914721E1	2,495533924E1	1,576819027E1	3,498464304E1	1,554595113E0	2,501736281E2	4,010497741E-1	6,000906205E0	6,000906205E0	0,000000000E0
2,293270074E2	6,027913970E1	2,495531801E1	1,577812120E1	3,499460484E1	1,433094740E0	2,491223527E2	4,022173055E-1	6,000906205E0	6,000906205E0	0,000000000E0
2,303269982E2	6,027913737E1	2,495529736E1	1,577862482E1	3,499514375E1	1,433094740E0	2,419328136E2	4,038689981E-1	6,000906205E0	6,000906205E0	0,000000000E0
2,313269881E2	6,027912811E1	2,495527392E1	1,600080032E1	3,521735232E1	1,709618807E0	2,432220528E2	4,056889219E-1	6,000906205E0	6,000906205E0	0,000000000E0
2,323269788E2	6,027911969E1	2,495524561E1	1,618057266E1	3,539716751E1	1,606948614E0	2,452915728E2	4,074797277E-1	6,000906205E0	6,000906205E0	0,000000000E0
2,333269694E2	6,027911346E1	2,495521566E1	1,591293808E1	3,512958112E1	1,606948614E0	2,450846454E2	4,087664312E-1	6,000906205E0	6,000906205E0	0,000000000E0
2,343269601E2	6,027910983E1	2,495519350E1	1,546478937E1	3,468146909E1	1,606948614E0	2,452055944E2	4,100250818E-1	6,000906205E0	6,000906205E0	0,000000000E0
2,353269495E2	6,027910240E1	2,495517627E1	1,507047030E1	3,428717366E1	1,617111444E0	2,451240419E2	4,120037435E-1	6,000906205E0	6,000906205E0	0,000000000E0
2,363269408E2	6,027909164E1	2,495514769E1	1,482704234E1	3,404378657E1	1,636154771E0	2,465567151E2	4,135311436E-1	6,000906205E0	6,000906205E0	0,000000000E0
2,373269314E2	6,027908556E1	2,495512284E1	1,479448617E1	3,401126941E1	1,678656697E0	2,503512130E2	4,150684722E-1	6,000906205E0	6,000906205E0	0,000000000E0
2,383269218E2	6,027907975E1	2,495509754E1	1,493043851E1	3,414726186E1	1,678656697E0	2,454219474E2	4,165033694E-1	6,000906205E0	6,000906205E0	0,000000000E0
2,393269116E2	6,027907209E1	2,495507658E1	1,506138436E1	3,427823794E1	1,454065800E0	2,506729149E2	4,176694400E-1	6,000906205E0	6,000906205E0	0,000000000E0
2,403269018E2	6,027906968E1	2,495505600E1	1,524825302E1	3,446514170E1	1,421745062E0	2,539799286E2	4,184103142E-1	6,000906205E0	6,000906205E0	0,000000000E0
2,413268926E2	6,027906675E1	2,495504393E1	1,514207555E1	3,435898319E1	1,352017283E0	2,404336417E2	4,196791106E-1	6,000906205E0	6,000906205E0	0,000000000E0
2,423268830E2	6,027905936E1	2,495502639E1	1,494347948E1	3,416041136E1	1,513066888E0	2,408600095E2	4,212348495E-1	6,000906205E0	6,000906205E0	0,000000000E0
2,433268733E2	6,027905211E1	2,495500225E1	1,463240279E1	3,384937114E1	1,513066888E0	2,440967541E2	4,226641849E-1	6,000906205E0	6,000906205E0	0,000000000E0
2,443268644E2	6,027904608E1	2,495497936E1	1,419573602E1	3,341273986E1	1,424669743E0	2,424549679E2	4,239604108E-1	6,000906205E0	6,000906205E0	0,000000000E0
2,453268542E2	6,027904425E1	2,495495614E1	1,385195589E1	3,306900025E1	1,424669743E0	2,452961627E2	4,261975943E-1	6,000906205E0	6,000906205E0	0,000000000E0
2,463268449E2	6,027903916E1	2,495491687E1	1,358120067E1	3,279831146E1	1,549756408E0	2,462948456E2	4,281112766E-1	6,000906205E0	6,000906205E0	0,000000000E0
2,473268358E2	6,027903260E1	2,495488479E1	1,384663326E1	3,306379577E1	1,564486742E0	2,487959243E2	4,297663719E-1	6,000906205E0	6,000906205E0	0,000000000E0
2,483268263E2	6,027902309E1	2,495486168E1	1,404558208E1	3,326277678E1	1,594785571E0	2,484201546E2	4,316098013E-1	6,000906205E0	6,000906205E0	0,000000000E0
2,493268164E2	6,027901590E1	2,495483155E1	1,409351740E1	3,331075959E1	1,594785571E0	2,484999039E2	4,331317500E-1	6,000906205E0	6,000906205E0	0,000000000E0
2,503268069E2	6,027901074E1	2,495480598E1	1,397534778E1	3,319263126E1	1,669904113E0	2,511588965E2	4,347793009E-1	6,000906205E0	6,000906205E0	0,000000000E0
2,513267974E2	6,027900437E1	2,495477899E1	1,375648377E1	3,297380986E1	1,740231991E0	2,502759716E2	4,363339234E-1	6,000906205E0	6,000906205E0	0,000000000E0
2,523267882E2	6,027899861E1	2,495475330E1	1,383027289E1	3,304763989E1	1,602869511E0	2,502736767E2	4,379356249E-1	6,000906205E0	6,000906205E0	0,000000000E0
2,533267784E2	6,027899410E1	2,495472571E1	1,380486335E1	3,302227602E1	1,602869511E0	2,585537511E2	4,395365575E-1	6,000906205E0	6,000906205E0	0,000000000E0
2,543267689E2	6,027898899E1	2,495469855E1	1,385312772E1	3,307058463E1	1,492173433E0	2,553197931E2	4,413970852E-1	6,000906205E0	6,000906205E0	0,000000000E0
2,553267589E2	6,027898757E1	2,495466493E1	1,404505577E1	3,326257266E1	1,492173433E0	2,574381353E2	4,427350510E-1	6,000906205E0	6,000906205E0	0,000000000E0
2,563267502E2	6,027898210E1	2,495464330E1	1,439731395E1	3,361486462E1	1,492879987E0	2,597093372E2	4,446954929E-1	6,000906205E0	6,000906205E0	0,000000000E0
2,573267399E2	6,027898227E1	2,495460774E1	1,472055341E1	3,393816928E1	1,603969216E0	2,569173197E2	4,464662646E-1	6,000906205E0	6,000906205E0	0,000000000E0
2,583267303E2	6,027898014E1	2,495457591E1	1,476995458E1	3,398762641E1	1,752599359E0	2,583576700E2	4,487317210E-1	6,000906205E0	6,000906205E0	0,000000000E0
2,593267215E2	6,027897295E1	2,495453745E1	1,493702756E1	3,415476211E1	1,752599359E0	2,587186865E2	4,508436582E-1	6,000906205E0	6,000906205E0	0,000000000E0
2,603267107E2	6,027897236E1	2,495449916E1	1,489320948E1	3,411101343E1	1,752599359E0	2,586828690E2	4,521322258E-1	6,000906205E0	6,000906205E0	0,000000000E0
2,613267013E2	6,027897254E1	2,495447579E1	1,478472555E1	3,400257242E1	1,681522131E0	2,586876775E2	4,535145738E-1	6,000906205E0	6,000906205E0	0,000000000E0
2,623266920E2	6,027896870E1	2,495445194E1	1,448994931E1	3,370783572E1	1,640741229E0	2,577903818E2	4,554121127E-1	6,000906205E0	6,000906205E0	0,000000000E0
2,633266824E2	6,027896442E1	2,495441862E1	1,423544065E1	3,345338347E1	1,640741229E0	2,570476944E2	4,565813699E-1	6,000906205E0	6,000906205E0	0,000000000E0
2,643266732E2	6,027896025E1	2,495439915E1	1,413791691E1	3,335589093E1	1,526214004E0	2,568484714E2	4,585335126E-1	6,000906205E0	6,000906205E0	0,000000000E0
2,653266636E2	6,027895333E1	2,495436661E1	1,369300108E1	3,291102729E1	1,505926013E0	2,560112542E2	4,596426906E-1	6,000906205E0	6,000906205E0	0,000000000E0
2,663266536E2	6,027894929E1	2,495434821E1	1,360970212E1	3,282775768E1	1,348221898E0	2,551899376E2	4,607796698E-1	6,000906205E0	6,000906205E0	0,000000000E0
2,673266449E2	6,027894523E1	2,495432928E1	1,345769569E1	3,267578158E1	1,401430726E0	2,556887326E2	4,623417840E-1	6,000906205E0	6,000906205E0	0,000000000E0
2,683266349E2	6,027894148E1	2,495430197E1	1,324831662E1	3,246644847E1	1,642465353E0	2,552858608E2	4,639566168E-1	6,000906205E0	6,000906205E0	0,000000000E0
2,693266259E2	6,027894101E1	2,495427270E1	1,319318263E1	3,241136752E1	1,625674367E0	2,559257129E2	4,659972363E-1	6,000906205E0	6,000906205E0	0,000000000E0
2,703266159E2	6,027894086E1	2,495423568E1	1,312568220E1	3,234393463E1	1,642465353E0	2,598720049E2	4,681357673E-1	6,000906205E0	6,000906205E0	0,000000000E0
2,713266063E2	6,027894416E1	2,495419747E1	1,300444757E1	3,222277338E1	1,661266327E0	2,623172673E2	4,696064583E-1	6,000906205E0	6,000906205E0	0,000000000E0
2,723265971E2	6,027894828E1	2,495417212E1	1,287848839E1	3,209686492E1	1,759078622E0	2,636910369E2	4,714941682E-1	6,000906205E0	6,000906205E0	0,000000000E0
2,733265872E2	6,027894466E1	2,495413866E1	1,280642878E1	3,202486265E1	1,838418007E0	2,666000418E2	4,738259168E-1	6,000906205E0	6,000906205E0	0,000000000E0
2,743265774E2	6,027894277E1	2,495409654E1	1,244288026E1	3,166138916E1	1,759078622E0	2,682778095E2	4,760936611E-1	6,000906205E0	6,000906205E0	0,000000000E0
2,753265676E2	6,027894540E1	2,495405575E1	1,216015190E1	3,137873819E1	1,647938967E0	2,716283178E2	4,779459306E-1	6,000906205E0	6,000906205E0	0,000000000E0
2,763265581E2	6,027894482E1	2,495402217E1	1,182783471E1	3,104648179E1	1,615911961E0	2,714205707E2	4,793734822E-1	6,000906205E0	6,000906205E0	0,000000000E0
2,773265496E2	6,027894850E1	2,495399736E1	1,160730940E1	3,082600575E1	1,641688943E0	2,700128688E2	4,804502246E-1	6,000906205E0	6,000906205E0	0,000000000E0
2,783265394E2	6,027895219E1	2,495397929E1	1,155662525E1	3,077535853E1	1,641688943E0	2,723201613E2	4,817951671E-1	6,000906205E0	6,000906205E0	0,000000000E0
2,793265305E2	6,027895072E1	2,495395508E1	1,142061443E1	3,063939045E1	1,505057693E0	2,800220465E2	4,832940931E-1	6,000906205E0	6,000906205E0	0,000000000E0
2,803265204E2	6,027895510E1	2,495392936E1	1,135540948E1	3,057423716E1	1,505057693E0	2,821888284E2	4,855442099E-1	6,000906205E0	6,000906205E0	0,000000000E0
2,813265107E2	6,027895942E1	2,495388949E1	1,130921080E1	3,052811597E1	1,617553711E0	2,802891069E2	4,871946134E-1	6,000906205E0	6,000906205E0	0,000000000E0
2,823265011E2	6,027896316E1	2,495386051E1	1,141951309E1	3,063847520E1	1,755042791E0	2,745285527E2	4,890693629E-1	6,000906205E0	6,000906205E0	0,000000000E0
2,833264921E2	6,027896879E1	2,495382846E1	1,139597303E1	3,061499973E1	1,755042791E0	2,887065501E2	4,905376140E-1	6,000906205E0	6,000906205E0	0,000000000E0
2,843264825E2	6,027897754E1	2,495380851E1	1,138608938E1	3,060516182E1	1,629725575E0	2,925128506E2	4,923868926E-1	6,000906205E0	6,000906205E0	0,000000000E0
2,853264732E2	6,027898657E1	2,495378034E1	1,119057120E1	3,040970471E1	1,578394413E0	2,933217089E2	4,941325640E-1	6,000906205E0	6,000906205E0	0,000000000E0
2,863264636E2	6,027899432E1	2,495375281E1	1,119363722E1	3,041282930E1	1,570643902E0	2,928809705E2	4,961474421E-1	6,000906205E0	6,000906205E0	0,000000000E0
2,873264539E2	6,027900404E1	2,495372196E1	1,128209241E1	3,050135118E1	1,749291778E0	2,954313085E2	4,979260576E-1	6,000906205E0	6,000906205E0	0,000000000E0
2,883264440E2	6,027901035E1	2,495369232E1	1,159471350E1	3,081403317E1	1,749291778E0	2,954225112E2	4,993735252E-1	6,000906205E0	6,000906205E0	0,000000000E0
2,893264341E2	6,027901680E1	2,495366950E1	1,195843092E1	3,117779914E1	1,629140377E0	3,026458187E2	5,013498913E-1	6,000906205E0	6,000906205E0	0,000000000E0
2,903264248E2	6,027902802E1	2,495364171E1	1,232153230E1	3,154096323E1	1,393754959E0	3,010578817E2	5,028586745E-1	6,000906205E0	6,000906205E0	0,000000000E0
2,913264160E2	6,027903375E1	2,495361690E1	1,242241047E1	3,164189283E1	1,393754959E0	3,007536378E2	5,042791575E-1	6,000906205E0	6,000906205E0	0,000000000E0
2,923264056E2	6,027904348E1	2,495360020E1	1,251106440E1	3,173058761E1	1,443274260E0	3,051836438E2	5,057224502E-1	6,000906205E0	6,000906205E0	0,000000000E0
2,933263963E2	6,027905264E1	2,495358166E1	1,231570260E1	3,153526942E1	1,520093322E0	3,083882866E2	5,074312508E-1	6,000906205E0	6,000906205E0	0,000000000E0
2,943263865E2	6,027906305E1	2,495355885E1	1,197939353E1	3,119901307E1	1,460935473E0	3,072782716E2	5,088980291E-1	6,000906205E0	6,000906205E0	0,000000000E0
2,953263772E2	6,027907443E1	2,495354541E1	1,150754536E1	3,072720154E1	1,520093322E0	3,128003429E2	5,102215332E-1	6,000906205E0	6,000906205E0	0,000000000E0
2,963263674E2	6,027908442E1	2,495353235E1	1,102375068E1	3,024344131E1	1,730126381E0	3,139116420E2	5,126594672E-1	6,000906205E0	6,000906205E0	0,000000000E0
2,973263584E2	6,027910200E1	2,495350592E1	1,059797743E1	2,981773501E1	1,696418643E0	3,162105744E2	5,144589097E-1	6,000906205E0	6,000906205E0	0,000000000E0
2,983264450E2	6,027911666E1	2,495349211E1	1,022502484E1	2,944482321E1	1,764848232E0	3,198053849E2	5,158698303E-1	6,000906205E0	6,000906205E0	0,000000000E0
2,993263392E2	6,027912851E1	2,495348291E1	9,865603773E0	2,908543149E1	1,696418643E0	3,196459683E2	5,175465569E-1	6,000906205E0	6,000906205E0	0,000000000E0
3,003263301E2	6,027914138E1	2,495346708E1	9,751945413E0	2,897181572E1	1,682919621E0	3,228594357E2	5,197981149E-1	6,000906205E0	6,000906205E0	0,000000000E0
3,013263201E2	6,027915611E1	2,495343906E1	9,824581544E0	2,904451869E1	1,623508453E0	3,297694015E2	5,216427050E-1	6,000906205E0	6,000906205E0	0,000000000E0
3,023263102E2	6,027917184E1	2,495342840E1	9,903870922E0	2,912384420E1	1,589584351E0	3,302289913E2	5,227459894E-1	6,000906205E0	6,000906205E0	0,000000000E0
3,033263016E2	6,027917833E1	2,495341326E1	9,907363991E0	2,912737183E1	1,589584351E0	3,342313455E2	5,238880444E-1	6,000906205E0	6,000906205E0	0,000000000E0
3,043262916E2	6,027918860E1	2,495341314E1	9,965958414E0	2,918597736E1	1,589584351E0	3,318786459E2	5,264537594E-1	6,000906205E0	6,000906205E0	0,000000000E0
3,053262817E2	6,027920985E1	2,495339501E1	1,004213598E1	2,926221057E1	1,648530483E0	3,405293810E2	5,273226631E-1	6,000906205E0	6,000906205E0	0,000000000E0
3,063262724E2	6,027921666E1	2,495338728E1	9,839422456E0	2,905951840E1	1,660053134E0	3,424376539E2	5,288003400E-1	6,000906205E0	6,000906205E0	0,000000000E0
3,073262626E2	6,027922995E1	2,495338755E1	9,862339165E0	2,908244869E1	1,688027978E0	3,464036169E2	5,304105355E-1	6,000906205E0	6,000906205E0	0,000000000E0
3,083262529E2	6,027924441E1	2,495338629E1	1,001815375E1	2,923828090E1	1,688027978E0	3,482993496E2	5,320905595E-1	6,000906205E0	6,000906205E0	0,000000000E0
3,093262438E2	6,027925943E1	2,495338295E1	1,010817099E1	2,932832014E1	1,634517908E0	3,495461050E2	5,341379649E-1	6,000906205E0	6,000906205E0	0,000000000E0
3,103262337E2	6,027927742E1	2,495337498E1	9,927709892E0	2,914789265E1	1,634517908E0	3,498967396E2	5,358841877E-1	6,000906205E0	6,000906205E0	0,000000000E0
3,113262240E2	6,027929306E1	2,495337765E1	9,765977025E0	2,898617147E1	1,709407210E0	3,537021931E2	5,381690204E-1	6,000906205E0	6,000906205E0	0,000000000E0
3,123262151E2	6,027931360E1	2,495337928E1	9,521314651E0	2,874152787E1	1,576683283E0	2,326411737E0	5,396641175E-1	6,000906205E0	6,000906205E0	0,000000000E0
3,133262056E2	6,027932676E1	2,495337378E1	9,579241710E0	2,879947892E1	1,576683283E0	3,605729007E0	5,412751900E-1	6,000906205E0	6,000906205E0	0,000000000E0
3,143261961E2	6,027934048E1	2,495338320E1	9,838888156E0	2,905912266E1	1,463567615E0	3,598114695E2	5,425686729E-1	6,000906205E0	6,000906205E0	0,000000000E0
3,153261868E2	6,027935181E1	2,495338848E1	1,011523238E1	2,933546923E1	1,463567615E0	3,463734001E2	5,439595037E-1	6,000906205E0	6,000906205E0	0,000000000E0
3,163261770E2	6,027936430E1	2,495338988E1	1,012409098E1	2,934433849E1	1,463567615E0	3,477229362E2	5,455927082E-1	6,000906205E0	6,000906205E0	0,000000000E0
3,173261671E2	6,027937897E1	2,495339150E1	1,017539749E1	2,939565757E1	1,569417357E0	3,550856889E2	5,472457637E-1	6,000906205E0	6,000906205E0	0,000000000E0
3,183261576E2	6,027939330E1	2,495339949E1	1,014568906E1	2,936594970E1	1,599305630E0	1,116291860E0	5,488276163E-1	6,000906205E0	6,000906205E0	0,000000000E0
3,193261478E2	6,027940523E1	2,495341510E1	1,043801590E1	2,965826063E1	1,599305630E0	3,552320735E2	5,505467858E-1	6,000906205E0	6,000906205E0	0,000000000E0
3,203261389E2	6,027942057E1	2,495341903E1	1,069096755E1	2,991122133E1	1,621823788E0	5,302447461E0	5,529357980E-1	6,000906205E0	6,000906205E0	0,000000000E0
3,213261297E2	6,027944204E1	2,495341736E1	1,092410159E1	3,014438115E1	1,755325437E0	3,593221274E2	5,551341095E-1	6,000906205E0	6,000906205E0	0,000000000E0
3,223261197E2	6,027946162E1	2,495341188E1	1,118836310E1	3,040867343E1	1,961451173E0	4,602339411E0	5,574767720E-1	6,000906205E0	6,000906205E0	0,000000000E0
3,233261098E2	6,027948252E1	2,495341718E1	1,123913286E1	3,045945562E1	1,961451173E0	5,217308726E0	5,592768116E-1	6,000906205E0	6,000906205E0	0,000000000E0
3,243260999E2	6,027949747E1	2,495342974E1	1,114507080E1	3,036538641E1	1,892855883E0	4,699266625E0	5,615040270E-1	6,000906205E0	6,000906205E0	0,000000000E0
3,253260908E2	6,027951739E1	2,495342558E1	1,106129544E1	3,028163976E1	1,801002741E0	4,839137374E0	5,632577362E-1	6,000906205E0	6,000906205E0	0,000000000E0
3,263260818E2	6,027953229E1	2,495343602E1	1,110001982E1	3,032036082E1	1,669623375E0	4,789478910E0	5,646650245E-1	6,000906205E0	6,000906205E0	0,000000000E0
3,273260727E2	6,027954435E1	2,495344377E1	1,128583055E1	3,050617015E1	1,543220878E0	7,081576417E0	5,662336371E-1	6,000906205E0	6,000906205E0	0,000000000E0
3,283260618E2	6,027955801E1	2,495345084E1	1,145444670E1	3,067478784E1	1,543220878E0	8,470046727E0	5,677000637E-1	6,000906205E0	6,000906205E0	0,000000000E0
3,293260525E2	6,027957107E1	2,495345460E1	1,162019123E1	3,084053931E1	1,490595222E0	2,137796703E0	5,692943001E-1	6,000906205E0	6,000906205E0	0,000000000E0
3,303260432E2	6,027958475E1	2,495346324E1	1,157520620E1	3,079555297E1	1,475984097E0	2,544898176E0	5,709518310E-1	6,000906205E0	6,000906205E0	0,000000000E0
3,313260341E2	6,027959966E1	2,495346314E1	1,165955455E1	3,087991727E1	1,475984097E0	2,813847547E0	5,726341234E-1	6,000906205E0	6,000906205E0	0,000000000E0
3,323260242E2	6,027961478E1	2,495346356E1	1,167737492E1	3,089775289E1	1,497727036E0	6,538490147E0	5,739300598E-1	6,000906205E0	6,000906205E0	0,000000000E0
3,333260145E2	6,027962565E1	2,495347208E1	1,182464718E1	3,104502107E1	1,497727036E0	5,204888454E0	5,752833155E-1	6,000906205E0	6,000906205E0	0,000000000E0
3,343260045E2	6,027963778E1	2,495347396E1	1,208873870E1	3,130912201E1	1,497727036E0	4,586011417E0	5,768073510E-1	6,000906205E0	6,000906205E0	0,000000000E0
3,353259950E2	6,027964997E1	2,495348659E1	1,233752240E1	3,155789552E1	1,750268459E0	4,823451844E0	5,787632026E-1	6,000906205E0	6,000906205E0	0,000000000E0
3,363259859E2	6,027966752E1	2,495348413E1	1,253766376E1	3,175805995E1	1,750268459E0	4,444866838E0	5,808955354E-1	6,000906205E0	6,000906205E0	0,000000000E0
3,373259766E2	6,027968665E1	2,495348155E1	1,257339717E1	3,179381835E1	1,823036432E0	3,576729372E2	5,828544065E-1	6,000906205E0	6,000906205E0	0,000000000E0
3,383259672E2	6,027970313E1	2,495346898E1	1,235419900E1	3,157466061E1	1,823036432E0	3,571972282E2	5,844999651E-1	6,000906205E0	6,000906205E0	0,000000000E0
3,393259572E2	6,027971777E1	2,495347339E1	1,195628099E1	3,117675002E1	1,671259761E0	3,565141274E2	5,859781872E-1	6,000906205E0	6,000906205E0	0,000000000E0
3,403259478E2	6,027973033E1	2,495346461E1	1,166297549E1	3,088347388E1	1,458294868E0	3,500340810E2	5,873307823E-1	6,000906205E0	6,000906205E0	0,000000000E0
3,413259385E2	6,027974234E1	2,495346082E1	1,144729083E1	3,066780888E1	1,452882886E0	3,367378610E2	5,886202730E-1	6,000906205E0	6,000906205E0	0,000000000E0
3,423259286E2	6,027975386E1	2,495345809E1	1,129453249E1	3,051506772E1	1,647889137E0	3,385885964E2	5,898412915E-1	6,000906205E0	6,000906205E0	0,000000000E0
3,433259189E2	6,027976370E1	2,495344827E1	1,136565783E1	3,058622145E1	1,813304067E0	3,351029869E2	5,915894750E-1	6,000906205E0	6,000906205E0	0,000000000E0
3,443259099E2	6,027977756E1	2,495343328E1	1,133523179E1	3,055583748E1	1,647889137E0	3,350652570E2	5,930415595E-1	6,000906205E0	6,000906205E0	0,000000000E0
3,453259001E2	6,027978961E1	2,495342313E1	1,142256827E1	3,064320529E1	1,728551865E0	3,350666777E2	5,944523850E-1	6,000906205E0	6,000906205E0	0,000000000E0
3,463258902E2	6,027980038E1	2,495340961E1	1,135535482E1	3,057602796E1	1,620516777E0	3,330292869E2	5,967129171E-1	6,000906205E0	6,000906205E0	0,000000000E0
3,473258811E2	6,027981804E1	2,495338928E1	1,123672239E1	3,045745142E1	1,670183301E0	3,232677444E2	5,989222311E-1	6,000906205E0	6,000906205E0	0,000000000E0
3,483258710E2	6,027983372E1	2,495336468E1	1,142373953E1	3,064453016E1	1,846068025E0	3,229421083E2	6,013143930E-1	6,000906205E0	6,000906205E0	0,000000000E0
3,493258613E2	6,027985008E1	2,495333649E1	1,155480812E1	3,077566761E1	1,748630047E0	3,208082480E2	6,024392716E-1	6,000906205E0	6,000906205E0	0,000000000E0
3,503258518E2	6,027985717E1	2,495332194E1	1,158868264E1	3,080957625E1	1,748630047E0	3,191191968E2	6,036531644E-1	6,000906205E0	6,000906205E0	0,000000000E0
3,513258426E2	6,027986526E1	2,495330716E1	1,165438017E1	3,087530938E1	1,533964634E0	3,085925912E2	6,050776968E-1	6,000906205E0	6,000906205E0	0,000000000E0
3,523258327E2	6,027986964E1	2,495328288E1	1,217678533E1	3,139776358E1	1,368041396E0	3,064899038E2	6,065740656E-1	6,000906205E0	6,000906205E0	0,000000000E0
3,533248236E2	6,027987703E1	2,495326018E1	1,252895976E1	3,174998734E1	1,368041396E0	3,081338211E2	6,083960269E-1	6,000906205E0	6,000906205E0	0,000000000E0
3,543248146E2	6,027988867E1	2,495323693E1	1,259178536E1	3,181286779E1	1,365916014E0	3,045402673E2	6,098405962E-1	6,000906205E0	6,000906205E0	0,000000000E0
3,553248048E2	6,027989690E1	2,495321665E1	1,262600594E1	3,184713417E1	1,365916014E0	3,039042674E2	6,116834371E-1	6,000906205E0	6,000906205E0	0,000000000E0
3,563247943E2	6,027991023E1	2,495319679E1	1,258575888E1	3,180693754E1	1,506815672E0	3,098013708E2	6,133713604E-1	6,000906205E0	6,000906205E0	0,000000000E0
3,573247857E2	6,027991590E1	2,495316839E1	1,236058179E1	3,158181840E1	1,683212399E0	3,123740298E2	6,147635356E-1	6,000906205E0	6,000906205E0	0,000000000E0
3,583247756E2	6,027991910E1	2,495314397E1	1,202701737E1	3,124830202E1	1,827052355E0	3,082912433E2	6,160833603E-1	6,000906205E0	6,000906205E0	0,000000000E0
3,593247660E2	6,027992603E1	2,495312453E1	1,197736896E1	3,119869650E1	1,825984716E0	3,083794893E2	6,177890485E-1	6,000906205E0	6,000906205E0	0,000000000E0
3,603247573E2	6,027993490E1	2,495309930E1	1,194267099E1	3,116405408E1	1,825984716E0	3,068931582E2	6,192078774E-1	6,000906205E0	6,000906205E0	0,000000000E0
3,613247470E2	6,027994501E1	2,495308358E1	1,195639623E1	3,117781875E1	1,825984716E0	3,068604553E2	6,212301603E-1	6,000906205E0	6,000906205E0	0,000000000E0
3,623247380E2	6,027995392E1	2,495305160E1	1,183778327E1	3,105927371E1	1,657005429E0	3,176302429E2	6,229457618E-1	6,000906205E0	6,000906205E0	0,000000000E0
3,633247286E2	6,027996563E1	2,495303133E1	1,207827117E1	3,129981107E1	1,657005429E0	3,177579948E2	6,241281874E-1	6,000906205E0	6,000906205E0	0,000000000E0
3,643247186E2	6,027997231E1	2,495301465E1	1,216553111E1	3,138710860E1	1,412613511E0	3,146588101E2	6,251104120E-1	6,000906205E0	6,000906205E0	0,000000000E0
3,653247095E2	6,027997767E1	2,495300048E1	1,224013022E1	3,146173930E1	1,412613511E0	3,102706048E2	6,268299916E-1	6,000906205E0	6,000906205E0	0,000000000E0
3,663247000E2	6,027998460E1	2,495297260E1	1,247403663E1	3,169570403E1	1,438991547E0	3,103259293E2	6,294950210E-1	6,000906205E0	6,000906205E0	0,000000000E0
3,673246895E2	6,028000293E1	2,495294144E1	1,267082969E1	3,189257348E1	1,642302632E0	3,095357038E2	6,307542417E-1	6,000906205E0	6,000906205E0	0,000000000E0
3,683246803E2	6,028001013E1	2,495292381E1	1,289459986E1	3,211638352E1	1,745929241E0	3,137194951E2	6,327874180E-1	6,000906205E0	6,000906205E0	0,000000000E0
3,693246708E2	6,028002293E1	2,495289747E1	1,299733466E1	3,221918004E1	1,698525190E0	3,138215382E2	6,344118659E-1	6,000906205E0	6,000906205E0	0,000000000E0
3,703246610E2	6,028002763E1	2,495286957E1	1,282374389E1	3,204564528E1	1,745929241E0	3,124825206E2	6,358240652E-1	6,000906205E0	6,000906205E0	0,000000000E0
3,713246517E2	6,028003797E1	2,495285469E1	1,265572869E1	3,187766823E1	1,698525190E0	3,149454868E2	6,375275956E-1	6,000906205E0	6,000906205E0	0,000000000E0
3,723246423E2	6,028004886E1	2,495283298E1	1,256938490E1	3,179137570E1	1,706004500E0	3,186138175E2	6,390434815E-1	6,000906205E0	6,000906205E0	0,000000000E0
3,733246325E2	6,028005783E1	2,495281225E1	1,245610257E1	3,167814075E1	1,706004500E0	3,204351557E2	6,408690750E-1	6,000906205E0	6,000906205E0	0,000000000E0
3,743246238E2	6,028007136E1	2,495279350E1	1,240466718E1	3,162675398E1	1,588504791E0	3,207274058E2	6,422460374E-1	6,000906205E0	6,000906205E0	0,000000000E0
3,753246140E2	6,028008150E1	2,495277917E1	1,227915602E1	3,150127978E1	1,580582142E0	3,198613105E2	6,443173206E-1	6,000906205E0	6,000906205E0	0,000000000E0
3,763246038E2	6,028009428E1	2,495275183E1	1,202776916E1	3,124995644E1	1,373738527E0	3,197825175E2	6,455826872E-1	6,000906205E0	6,000906205E0	0,000000000E0
3,773245940E2	6,028010372E1	2,495273902E1	1,171635634E1	3,093857705E1	1,321750998E0	3,194287137E2	6,474006097E-1	6,000906205E0	6,000906205E0	0,000000000E0
3,783245850E2	6,028011447E1	2,495271416E1	1,147293632E1	3,069521386E1	1,575044513E0	3,153498886E2	6,491046328E-1	6,000906205E0	6,000906205E0	0,000000000E0
3,793245754E2	6,028012624E1	2,495269439E1	1,125257902E1	3,047490519E1	1,575044513E0	3,161721888E2	6,509374323E-1	6,000906205E0	6,000906205E0	0,000000000E0
3,803245661E2	6,028014005E1	2,495267621E1	1,084977451E1	3,007214854E1	1,712314725E0	3,180767460E2	6,523780430E-1	6,000906205E0	6,000906205E0	0,000000000E0
3,813245562E2	6,028014595E1	2,495265295E1	1,051333993E1	2,973576276E1	1,712314725E0	3,194222660E2	6,535265735E-1	6,000906205E0	6,000906205E0	0,000000000E0
3,823245467E2	6,028015486E1	2,495264239E1	1,050514582E1	2,972759738E1	1,625573277E0	3,197720263E2	6,551463446E-1	6,000906205E0	6,000906205E0	0,000000000E0
3,833245374E2	6,028016755E1	2,495262796E1	1,045405564E1	2,967654703E1	1,723331094E0	3,288383101E2	6,569393377E-1	6,000906205E0	6,000906205E0	0,000000000E0
3,843245274E2	6,028018177E1	2,495261266E1	1,046314403E1	2,968567846E1	1,625573277E0	3,269673574E2	6,584752827E-1	6,000906205E0	6,000906205E0	0,000000000E0
3,853245176E2	6,028019521E1	2,495260623E1	1,030640522E1	2,952896565E1	1,674405932E0	3,270913663E2	6,597702513E-1	6,000906205E0	6,000906205E0	0,000000000E0
3,863245083E2	6,028020616E1	2,495259819E1	1,044326389E1	2,966585061E1	1,641994834E0	3,289092621E2	6,607635658E-1	6,000906205E0	6,000906205E0	0,000000000E0
3,873244988E2	6,028020996E1	2,495258189E1	1,062115604E1	2,984377660E1	1,469357491E0	3,262323197E2	6,618977397E-1	6,000906205E0	6,000906205E0	0,000000000E0
3,883244895E2	6,028021960E1	2,495257517E1	1,078088201E1	3,000352506E1	1,556331992E0	3,264720047E2	6,643476809E-1	6,000906205E0	6,000906205E0	0,000000000E0
3,893244799E2	6,028023889E1	2,495255369E1	1,078398416E1	3,000668691E1	1,556331992E0	3,269316492E2	6,654156402E-1	6,000906205E0	6,000906205E0	0,000000000E0
3,903244711E2	6,028024664E1	2,495254226E1	1,089994653E1	3,012267840E1	1,609415531E0	3,336871434E2	6,675223758E-1	6,000906205E0	6,000906205E0	0,000000000E0
3,913244607E2	6,028026336E1	2,495252425E1	1,087660466E1	3,009938716E1	1,609415531E0	3,365163717E2	6,691192913E-1	6,000906205E0	6,000906205E0	0,000000000E0
3,923244519E2	6,028027702E1	2,495251532E1	1,068526574E1	2,990807904E1	1,479935646E0	3,359865675E2	6,704950886E-1	6,000906205E0	6,000906205E0	0,000000000E0
3,933244416E2	6,028028828E1	2,495250499E1	1,065814583E1	2,988098995E1	1,479935646E0	3,354994658E2	6,726833561E-1	6,000906205E0	6,000906205E0	0,000000000E0
3,943244327E2	6,028030561E1	2,495248617E1	1,061723540E1	2,984013228E1	1,479935646E0	3,359938895E2	6,744947418E-1	6,000906205E0	6,000906205E0	0,000000000E0
3,953244228E2	6,028032061E1	2,495247337E1	1,049695371E1	2,971988989E1	1,651574850E0	3,355686692E2	6,768250344E-1	6,000906205E0	6,000906205E0	0,000000000E0
3,963244137E2	6,028034003E1	2,495245747E1	1,034838224E1	2,957136806E1	1,651574850E0	3,399390341E2	6,781845753E-1	6,000906205E0	6,000906205E0	0,000000000E0
3,973244039E2	6,028035217E1	2,495245463E1	1,038221829E1	2,960522218E1	1,560483098E0	3,382600370E2	6,795158247E-1	6,000906205E0	6,000906205E0	0,000000000E0
3,983243946E2	6,028036414E1	2,495245390E1	1,050926299E1	2,973228087E1	1,560483098E0	3,362154608E2	6,813965083E-1	6,000906205E0	6,000906205E0	0,000000000E0
3,993243848E2	6,028038073E1	2,495244730E1	1,049048580E1	2,971353331E1	1,501677752E0	3,406904915E2	6,820962167E-1	6,000906205E0	6,000906205E0	0,000000000E0
4,003243756E2	6,028038484E1	2,495243768E1	1,041274292E1	2,963581238E1	1,499360323E0	3,429130351E2	6,833445821E-1	6,000906205E0	6,000906205E0	0,000000000E0
4,013243653E2	6,028039560E1	2,495243126E1	1,055853707E1	2,978162967E1	1,395063758E0	3,423361573E2	6,849559681E-1	6,000906205E0	6,000906205E0	0,000000000E0
4,023243563E2	6,028040934E1	2,495242194E1	1,058244524E1	2,980556943E1	1,622991800E0	3,367114145E2	6,859267824E-1	6,000906205E0	6,000906205E0	0,000000000E0
4,033243463E2	6,028041533E1	2,495240913E1	1,059985309E1	2,982300705E1	1,622991800E0	3,393176781E2	6,879151622E-1	6,000906205E0	6,000906205E0	0,000000000E0
4,043243368E2	6,028043165E1	2,495239438E1	1,065379952E1	2,987699773E1	1,562997222E0	3,408979380E2	6,891123879E-1	6,000906205E0	6,000906205E0	0,000000000E0
4,053243277E2	6,028044232E1	2,495239720E1	1,059930927E1	2,982251362E1	1,544229388E0	3,431524742E2	6,906785907E-1	6,000906205E0	6,000906205E0	0,000000000E0
4,063243179E2	6,028045527E1	2,495238599E1	1,081473757E1	3,003797612E1	1,544229388E0	3,444337357E2	6,924788847E-1	6,000906205E0	6,000906205E0	0,000000000E0
4,073243077E2	6,028047123E1	2,495238060E1	1,102957978E1	3,025284510E1	1,618935227E0	3,449146630E2	6,940932617E-1	6,000906205E0	6,000906205E0	0,000000000E0
4,083242986E2	6,028048533E1	2,495238766E1	1,115568847E1	3,037895580E1	1,618935227E0	3,460672437E2	6,956764623E-1	6,000906205E0	6,000906205E0	0,000000000E0
4,093242894E2	6,028049952E1	2,495238555E1	1,113595939E1	3,035924562E1	1,618935227E0	3,486540823E2	6,975747352E-1	6,000906205E0	6,000906205E0	0,000000000E0
4,103242793E2	6,028051595E1	2,495237617E1	1,131399774E1	3,053731852E1	1,545323730E0	3,501028200E2	6,992786307E-1	6,000906205E0	6,000906205E0	0,000000000E0
4,113242700E2	6,028053126E1	2,495237491E1	1,138690026E1	3,061023955E1	1,545323730E0	3,500850342E2	7,010004653E-1	6,000906205E0	6,000906205E0	0,000000000E0
4,123242608E2	6,028054624E1	2,495238282E1	1,141486794E1	3,063820863E1	1,452456355E0	3,498554306E2	7,024664562E-1	6,000906205E0	6,000906205E0	0,000000000E0
4,133242514E2	6,028055942E1	2,495238199E1	1,131127586E1	3,053463203E1	1,555572510E0	3,497889865E2	7,041257387E-1	6,000906205E0	6,000906205E0	0,000000000E0
4,143242418E2	6,028057431E1	2,495238399E1	1,133783644E1	3,056120471E1	1,551210999E0	3,497295092E2	7,060522283E-1	6,000906205E0	6,000906205E0	0,000000000E0
4,153242316E2	6,028059163E1	2,495238356E1	1,130365998E1	3,052704739E1	1,555572510E0	3,497732224E2	7,075164602E-1	6,000906205E0	6,000906205E0	0,000000000E0
4,163242226E2	6,028060473E1	2,495238626E1	1,119788842E1	3,042128474E1	1,630921483E0	3,520275947E2	7,088759906E-1	6,000906205E0	6,000906205E0	0,000000000E0
4,173242128E2	6,028061585E1	2,495237599E1	1,128600358E1	3,050943046E1	1,599791050E0	3,596605496E2	7,107289471E-1	6,000906205E0	6,000906205E0	0,000000000E0
4,183242036E2	6,028063239E1	2,495237996E1	1,140119395E1	3,062463109E1	1,599791050E0	3,380416968E-1	7,125759033E-1	6,000906205E0	6,000906205E0	0,000000000E0
4,193241934E2	6,028064801E1	2,495239136E1	1,154139331E1	3,076482615E1	1,599791050E0	3,571205662E2	7,140382193E-1	6,000906205E0	6,000906205E0	0,000000000E0
4,203241842E2	6,028066114E1	2,495238977E1	1,156789685E1	3,079134650E1	1,651466966E0	3,575972041E2	7,155915684E-1	6,000906205E0	6,000906205E0	0,000000000E0
4,213241744E2	6,028067509E1	2,495239128E1	1,146499198E1	3,068845362E1	1,651466966E0	3,587819414E2	7,170502407E-1	6,000906205E0	6,000906205E0	0,000000000E0
4,223241650E2	6,028068766E1	2,495238371E1	1,161651173E1	3,084000053E1	1,476039648E0	3,578228736E2	7,191344513E-1	6,000906205E0	6,000906205E0	0,000000000E0
4,233241553E2	6,028070622E1	2,495237839E1	1,175521653E1	3,097873471E1	1,581996322E0	3,572734805E2	7,210064566E-1	6,000906205E0	6,000906205E0	0,000000000E0
4,243241454E2	6,028072296E1	2,495237477E1	1,192260115E1	3,114614368E1	1,581996322E0	3,579896121E2	7,229172096E-1	6,000906205E0	6,000906205E0	0,000000000E0
4,253241361E2	6,028074014E1	2,495237496E1	1,181945793E1	3,104301831E1	1,581996322E0	5,754059142E0	7,237912910E-1	6,000906205E0	6,000906205E0	0,000000000E0
4,263241272E2	6,028074795E1	2,495237667E1	1,177168450E1	3,099525003E1	1,557985306E0	6,417282463E0	7,254049207E-1	6,000906205E0	6,000906205E0	0,000000000E0
4,273241318E2	6,028076191E1	2,495238469E1	1,168319075E1	3,090675638E1	1,609856367E0	6,941289027E0	7,271400056E-1	6,000906205E0	6,000906205E0	0,000000000E0
4,283241081E2	6,028077751E1	2,495238442E1	1,166529731E1	3,088887995E1	1,729112625E0	7,029415116E0	7,291290951E-1	6,000906205E0	6,000906205E0	0,000000000E0
4,293240986E2	6,028079512E1	2,495239080E1	1,150674145E1	3,073033107E1	1,689908147E0	7,750807316E0	7,306233556E-1	6,000906205E0	6,000906205E0	0,000000000E0
4,303240893E2	6,028080791E1	2,495239911E1	1,124546129E1	3,046904926E1	1,689908147E0	6,937689090E0	7,326631372E-1	6,000906205E0	6,000906205E0	0,000000000E0
4,313241243E2	6,028082585E1	2,495240688E1	1,115481381E1	3,037840656E1	1,689908147E0	6,973555268E0	7,344474992E-1	6,000906205E0	6,000906205E0	0,000000000E0
4,323240696E2	6,028084158E1	2,495241326E1	1,092692217E1	3,015051992E1	1,602954865E0	6,683396879E0	7,357062655E-1	6,000906205E0	6,000906205E0	0,000000000E0
4,333240600E2	6,028085264E1	2,495240835E1	1,086499222E1	3,008861064E1	1,602954865E0	8,468703741E0	7,377305736E-1	6,000906205E0	6,000906205E0	0,000000000E0
4,343273423E2	6,028086772E1	2,495242891E1	1,086488571E1	3,008848251E1	1,562950134E0	8,006080514E0	7,393321830E-1	6,000906205E0	6,000906205E0	0,000000000E0
4,353273320E2	6,028088170E1	2,495243590E1	1,084022698E1	3,006382580E1	1,498153925E0	8,565101615E0	7,404818469E-1	6,000906205E0	6,000906205E0	0,000000000E0
4,363275700E2	6,028089203E1	2,495243674E1	1,097079750E1	3,019440572E1	1,602034569E0	8,787972396E0	7,428195482E-1	6,000906205E0	6,000906205E0	0,000000000E0
4,373277822E2	6,028091263E1	2,495244525E1	1,128875758E1	3,051237205E1	1,707137823E0	5,842572844E0	7,444474197E-1	6,000906205E0	6,000906205E0	0,000000000E0
4,383279448E2	6,028092618E1	2,495245645E1	1,142384243E1	3,064745077E1	1,693429470E0	1,147191231E1	7,465026650E-1	6,000906205E0	6,000906205E0	0,000000000E0
4,393280783E2	6,028094265E1	2,495247334E1	1,151669237E1	3,074028726E1	1,707137823E0	1,203117417E1	7,484319957E-1	6,000906205E0	6,000906205E0	0,000000000E0
4,403281845E2	6,028095945E1	2,495248208E1	1,161380219E1	3,083739888E1	1,833035469E0	2,130473289E1	7,496621334E-1	6,000906205E0	6,000906205E0	0,000000000E0
4,413282659E2	6,028096812E1	2,495249595E1	1,198821707E1	3,121179757E1	1,833035469E0	2,183338099E1	7,515264666E-1	6,000906205E0	6,000906205E0	0,000000000E0
4,423284051E2	6,028098386E1	2,495250759E1	1,213230591E1	3,135588180E1	1,802575946E0	2,245412566E1	7,535831159E-1	6,000906205E0	6,000906205E0	0,000000000E0
4,433283914E2	6,028099949E1	2,495252756E1	1,199074311E1	3,121429901E1	1,802575946E0	2,442824670E1	7,547265484E-1	6,000906205E0	6,000906205E0	0,000000000E0
4,443284425E2	6,028100933E1	2,495253354E1	1,179242028E1	3,101597568E1	1,555954337E0	2,478837696E1	7,565901028E-1	6,000906205E0	6,000906205E0	0,000000000E0
4,453284700E2	6,028102539E1	2,495254325E1	1,172233490E1	3,094588953E1	1,555954337E0	2,688850304E1	7,576880386E-1	6,000906205E0	6,000906205E0	0,000000000E0
4,463285048E2	6,028103326E1	2,495255527E1	1,168780630E1	3,091134729E1	1,555954337E0	2,725177177E1	7,593298837E-1	6,000906205E0	6,000906205E0	0,000000000E0
4,473285223E2	6,028104449E1	2,495257462E1	1,148169018E1	3,070520767E1	1,579063177E0	2,306148145E1	7,607331265E-1	6,000906205E0	6,000906205E0	0,000000000E0
4,483285445E2	6,028105706E1	2,495257668E1	1,132931245E1	3,055283949E1	1,509921908E0	2,334396783E1	7,626264195E-1	6,000906205E0	6,000906205E0	0,000000000E0
4,493285495E2	6,028107261E1	2,495259067E1	1,120238290E1	3,042590083E1	1,509921908E0	2,634687245E1	7,629436921E-1	6,000906205E0	6,000906205E0	0,000000000E0
4,503285693E2	6,028107406E1	2,495259563E1	1,083635163E1	3,005986199E1	1,509921908E0	4,533011113E1	7,640686744E-1	6,000906205E0	6,000906205E0	0,000000000E0
4,513285679E2	6,028108308E1	2,495260485E1	1,068629302E1	2,990979609E1	1,571465611E0	3,848208492E1	7,653222627E-1	6,000906205E0	6,000906205E0	0,000000000E0
4,523285806E2	6,028109195E1	2,495261889E1	1,068529893E1	2,990878571E1	1,651690722E0	3,492227570E1	7,675450835E-1	6,000906205E0	6,000906205E0	0,000000000E0
4,533285766E2	6,028110382E1	2,495265133E1	1,075813102E1	2,998157104E1	1,682169318E0	4,115816669E1	7,690866920E-1	6,000906205E0	6,000906205E0	0,000000000E0
4,543285686E2	6,028111249E1	2,495267316E1	1,090272983E1	3,012613910E1	1,651690722E0	4,589024128E1	7,709764151E-1	6,000906205E0	6,000906205E0	0,000000000E0
4,553285608E2	6,028112410E1	2,495269820E1	1,089863422E1	3,012200999E1	1,556222200E0	4,496528340E1	7,727203578E-1	6,000906205E0	6,000906205E0	0,000000000E0
4,563285514E2	6,028113339E1	2,495272369E1	1,102090618E1	3,024424517E1	1,556222200E0	4,211809172E1	7,745667501E-1	6,000906205E0	6,000906205E0	0,000000000E0
4,573285409E2	6,028114789E1	2,495274000E1	1,113705851E1	3,036038303E1	1,611680627E0	3,895809446E1	7,759384426E-1	6,000906205E0	6,000906205E0	0,000000000E0
4,583285304E2	6,028115499E1	2,495276035E1	1,118539314E1	3,040868796E1	1,713232160E0	3,575834891E1	7,771792526E-1	6,000906205E0	6,000906205E0	0,000000000E0
4,593285189E2	6,028116477E1	2,495277120E1	1,120821169E1	3,043149702E1	1,702288508E0	3,679107351E1	7,796405015E-1	6,000906205E0	6,000906205E0	0,000000000E0
4,603285072E2	6,028118219E1	2,495279873E1	1,120715585E1	3,043040928E1	1,702288508E0	3,953999584E1	7,818089527E-1	6,000906205E0	6,000906205E0	0,000000000E0
4,613284945E2	6,028119502E1	2,495282836E1	1,104804532E1	3,027125814E1	1,643211007E0	3,529682961E1	7,835337934E-1	6,000906205E0	6,000906205E0	0,000000000E0
4,623284805E2	6,028120507E1	2,495285219E1	1,085033731E1	3,007351720E1	1,621582866E0	4,020895140E1	7,846926844E-1	6,000906205E0	6,000906205E0	0,000000000E0
4,633284664E2	6,028121405E1	2,495286287E1	1,064348628E1	2,986665615E1	1,641969085E0	4,213209361E1	7,862758947E-1	6,000906205E0	6,000906205E0	0,000000000E0
4,643284526E2	6,028121927E1	2,495288959E1	1,045780312E1	2,968092964E1	1,621582866E0	4,158714014E1	7,883822389E-1	6,000906205E0	6,000906205E0	0,000000000E0
4,653284373E2	6,028122912E1	2,495292223E1	1,059358732E1	2,981666457E1	1,632411718E0	4,203288511E1	7,901543856E-1	6,000906205E0	6,000906205E0	0,000000000E0
4,663284227E2	6,028124200E1	2,495294115E1	1,098759626E1	3,021065254E1	1,632411718E0	4,259859553E1	7,922416548E-1	6,000906205E0	6,000906205E0	0,000000000E0
4,673284069E2	6,028125630E1	2,495296570E1	1,112767503E1	3,035070156E1	1,717269540E0	4,010548086E1	7,935927659E-1	6,000906205E0	6,000906205E0	0,000000000E0
4,683283904E2	6,028126745E1	2,495297544E1	1,139972098E1	3,062274150E1	1,717269540E0	3,937655966E1	7,950291333E-1	6,000906205E0	6,000906205E0	0,000000000E0
4,693283740E2	6,028127816E1	2,495299001E1	1,162353563E1	3,084654085E1	1,673084736E0	4,264649565E1	7,968013105E-1	6,000906205E0	6,000906205E0	0,000000000E0
4,703283571E2	6,028128880E1	2,495301394E1	1,189190104E1	3,111487375E1	1,639533520E0	4,691824281E1	7,988867178E-1	6,000906205E0	6,000906205E0	0,000000000E0
4,713283398E2	6,028129881E1	2,495304593E1	1,240116230E1	3,162408710E1	1,630814075E0	4,583890216E1	8,004398939E-1	6,000906205E0	6,000906205E0	0,000000000E0
4,723283218E2	6,028130832E1	2,495306657E1	1,272931263E1	3,195220975E1	1,459133983E0	4,668851281E1	8,019775493E-1	6,000906205E0	6,000906205E0	0,000000000E0
4,733283043E2	6,028131408E1	2,495309193E1	1,315957521E1	3,238243205E1	1,588932872E0	4,741377644E1	8,039191705E-1	6,000906205E0	6,000906205E0	0,000000000E0
4,743282864E2	6,028132599E1	2,495311768E1	1,337775543E1	3,260057779E1	1,588932872E0	4,736463323E1	8,055039476E-1	6,000906205E0	6,000906205E0	0,000000000E0
4,753282678E2	6,028133487E1	2,495314017E1	1,344941104E1	3,267220168E1	1,639738798E0	4,788403497E1	8,069391280E-1	6,000906205E0	6,000906205E0	0,000000000E0
4,763282504E2	6,028134254E1	2,495316110E1	1,349427305E1	3,271703352E1	1,726101160E0	4,729839406E1	8,090118351E-1	6,000906205E0	6,000906205E0	0,000000000E0
4,773282303E2	6,028135766E1	2,495318312E1	1,374892849E1	3,297166469E1	1,705756903E0	4,764239995E1	8,104795179E-1	6,000906205E0	6,000906205E0	0,000000000E0
4,783282112E2	6,028136540E1	2,495320467E1	1,390973817E1	3,313244317E1	1,764038444E0	4,847972992E1	8,117923346E-1	6,000906205E0	6,000906205E0	0,000000000E0
4,793281926E2	6,028137437E1	2,495322017E1	1,390852078E1	3,313120694E1	1,705756903E0	4,803938079E1	8,135073920E-1	6,000906205E0	6,000906205E0	0,000000000E0
4,803281727E2	6,028138384E1	2,495324473E1	1,408177644E1	3,330442769E1	1,627217412E0	4,677623634E1	8,153761304E-1	6,000906205E0	6,000906205E0	0,000000000E0
4,813281541E2	6,028139397E1	2,495327178E1	1,422638279E1	3,344899530E1	1,583739042E0	4,661026958E1	8,170650118E-1	6,000906205E0	6,000906205E0	0,000000000E0
4,823281344E2	6,028140438E1	2,495329408E1	1,428238748E1	3,350497022E1	1,502341390E0	4,658545208E1	8,187017998E-1	6,000906205E0	6,000906205E0	0,000000000E0
4,833281149E2	6,028140988E1	2,495332163E1	1,429535831E1	3,351789651E1	1,502341390E0	4,745463464E1	8,203590936E-1	6,000906205E0	6,000906205E0	0,000000000E0
4,843280939E2	6,028142081E1	2,495334208E1	1,437300636E1	3,359551872E1	1,502341390E0	4,684773818E1	8,221854343E-1	6,000906205E0	6,000906205E0	0,000000000E0
4,853280740E2	6,028143042E1	2,495336894E1	1,422371674E1	3,344619015E1	1,489382863E0	4,750597717E1	8,237502349E-1	6,000906205E0	6,000906205E0	0,000000000E0
4,863280542E2	6,028144034E1	2,495338908E1	1,405094179E1	3,327338886E1	1,623225927E0	5,319599603E1	8,254834642E-1	6,000906205E0	6,000906205E0	0,000000000E0
4,873280332E2	6,028145029E1	2,495341327E1	1,398672597E1	3,320913934E1	1,802299261E0	5,344719673E1	8,267518524E-1	6,000906205E0	6,000906205E0	0,000000000E0
4,883280127E2	6,028145841E1	2,495342943E1	1,403316789E1	3,325556031E1	1,812301040E0	5,216679580E1	8,284464600E-1	6,000906205E0	6,000906205E0	0,000000000E0
4,893279918E2	6,028146859E1	2,495345231E1	1,393634002E1	3,315870136E1	1,802299261E0	5,231004195E1	8,295318115E-1	6,000906205E0	6,000906205E0	0,000000000E0
4,903279718E2	6,028147682E1	2,495346291E1	1,389058802E1	3,311293869E1	1,628246903E0	5,117934170E1	8,309780436E-1	6,000906205E0	6,000906205E0	0,000000000E0
4,913279516E2	6,028148534E1	2,495348273E1	1,388183692E1	3,310416036E1	1,605214953E0	4,613667792E1	8,322961170E-1	6,000906205E0	6,000906205E0	0,000000000E0
4,923279299E2	6,028149688E1	2,495348817E1	1,384916174E1	3,307148745E1	1,426468730E0	4,685447616E1	8,334844656E-1	6,000906205E0	6,000906205E0	0,000000000E0
4,933279091E2	6,028150361E1	2,495350491E1	1,381927138E1	3,304157360E1	1,427770257E0	5,204095298E1	8,349514319E-1	6,000906205E0	6,000906205E0	0,000000000E0
4,943278886E2	6,028151014E1	2,495352804E1	1,385008335E1	3,307235018E1	1,427770257E0	5,033266120E1	8,365716625E-1	6,000906205E0	6,000906205E0	0,000000000E0
4,953278667E2	6,028152078E1	2,495354812E1	1,389716386E1	3,311940524E1	1,585311294E0	5,088736477E1	8,385062538E-1	6,000906205E0	6,000906205E0	0,000000000E0
4,963278462E2	6,028152961E1	2,495357835E1	1,397035966E1	3,319255510E1	1,658987999E0	5,435348087E1	8,404861879E-1	6,000906205E0	6,000906205E0	0,000000000E0
4,973278253E2	6,028154253E1	2,495360308E1	1,407503617E1	3,329720007E1	1,929164052E0	5,283288268E1	8,422677298E-1	6,000906205E0	6,000906205E0	0,000000000E0
4,983278044E2	6,028155433E1	2,495362495E1	1,403089595E1	3,325303234E1	1,929164052E0	5,537653051E1	8,435364375E-1	6,000906205E0	6,000906205E0	0,000000000E0
4,993277823E2	6,028156231E1	2,495364140E1	1,401577840E1	3,323789315E1	1,680984974E0	5,424128477E1	8,449642868E-1	6,000906205E0	6,000906205E0	0,000000000E0
5,003277614E2	6,028156672E1	2,495366572E1	1,416043003E1	3,338250497E1	1,680984974E0	4,804790145E1	8,472249995E-1	6,000906205E0	6,000906205E0	0,000000000E0
5,013277525E2	6,028157810E1	2,495369971E1	1,404643354E1	3,326845837E1	1,725132823E0	5,105250508E1	8,485681768E-1	6,000906205E0	6,000906205E0	0,000000000E0
5,023277180E2	6,028157959E1	2,495372389E1	1,378657691E1	3,300855909E1	1,740525723E0	5,364222595E1	8,507472157E-1	6,000906205E0	6,000906205E0	0,000000000E0
5,033276964E2	6,028159315E1	2,495375242E1	1,349211563E1	3,271405999E1	1,740525723E0	5,354510407E1	8,524154926E-1	6,000906205E0	6,000906205E0	0,000000000E0
5,043276749E2	6,028160262E1	2,495377589E1	1,333446263E1	3,255637409E1	1,506966949E0	5,076447259E1	8,541963046E-1	6,000906205E0	6,000906205E0	0,000000000E0
5,053276536E2	6,028161445E1	2,495379768E1	1,311863993E1	3,234052408E1	1,481493950E0	5,058639931E1	8,559820822E-1	6,000906205E0	6,000906205E0	0,000000000E0
5,063276318E2	6,028162187E1	2,495382641E1	1,278440822E1	3,200624766E1	1,434353828E0	5,146312581E1	8,576443627E-1	6,000906205E0	6,000906205E0	0,000000000E0
5,073276109E2	6,028163327E1	2,495384591E1	1,255826819E1	3,178008405E1	1,436488509E0	5,059301435E1	8,594468023E-1	6,000906205E0	6,000906205E0	0,000000000E0
5,083275896E2	6,028164719E1	2,495386267E1	1,248273154E1	3,170453148E1	1,685985684E0	4,946363916E1	8,608976864E-1	6,000906205E0	6,000906205E0	0,000000000E0
5,093275675E2	6,028165484E1	2,495388399E1	1,226835894E1	3,149012798E1	1,685985684E0	5,260826167E1	8,618974352E-1	6,000906205E0	6,000906205E0	0,000000000E0
5,103275454E2	6,028165845E1	2,495390060E1	1,204057688E1	3,126231938E1	1,726452589E0	5,816076833E1	8,635239240E-1	6,000906205E0	6,000906205E0	0,000000000E0
5,113275239E2	6,028166885E1	2,495392137E1	1,161684189E1	3,083855741E1	1,752945185E0	5,711927718E1	8,652161731E-1	6,000906205E0	6,000906205E0	0,000000000E0
5,123275020E2	6,028167871E1	2,495394474E1	1,107379518E1	3,029547840E1	1,643078208E0	5,167406254E1	8,665430846E-1	6,000906205E0	6,000906205E0	0,000000000E0
5,133274807E2	6,028168665E1	2,495396271E1	1,069952397E1	2,992118273E1	1,711781621E0	5,316192022E1	8,685770133E-1	6,000906205E0	6,000906205E0	0,000000000E0
5,143274581E2	6,028169780E1	2,495399196E1	1,040007514E1	2,962169223E1	1,643078208E0	5,231266132E1	8,703533009E-1	6,000906205E0	6,000906205E0	0,000000000E0
5,153274369E2	6,028170473E1	2,495402099E1	1,010204758E1	2,932361890E1	1,622296810E0	5,390401002E1	8,712609291E-1	6,000906205E0	6,000906205E0	0,000000000E0
5,163274146E2	6,028170750E1	2,495403648E1	9,768722023E0	2,899026794E1	1,419813633E0	5,708577169E1	8,725686331E-1	6,000906205E0	6,000906205E0	0,000000000E0
5,173273934E2	6,028170905E1	2,495406000E1	9,442187143E0	2,866369169E1	1,267701149E0	7,074501622E1	8,738490714E-1	6,000906205E0	6,000906205E0	0,000000000E0
5,183273709E2	6,028171560E1	2,495407911E1	9,225413087E0	2,844688961E1	1,504635692E0	6,504290109E1	8,748809179E-1	6,000906205E0	6,000906205E0	0,000000000E0
5,193273493E2	6,028171419E1	2,495409761E1	9,244637665E0	2,846607886E1	1,504635692E0	5,843570393E1	8,771657252E-1	6,000906205E0	6,000906205E0	0,000000000E0
5,203273278E2	6,028172475E1	2,495413317E1	9,389823939E0	2,861121128E1	1,638976455E0	6,047745921E1	8,790432911E-1	6,000906205E0	6,000906205E0	0,000000000E0
5,213273051E2	6,028173682E1	2,495415699E1	9,403547055E0	2,862490360E1	1,638976455E0	5,641007132E1	8,803521808E-1	6,000906205E0	6,000906205E0	0,000000000E0
5,223272839E2	6,028174345E1	2,495417661E1	9,288526597E0	2,850985428E1	1,504122734E0	5,709781673E1	8,818952360E-1	6,000906205E0	6,000906205E0	0,000000000E0
5,233272624E2	6,028174905E1	2,495420222E1	9,189869387E0	2,841115617E1	1,504122734E0	5,771334996E1	8,834515011E-1	6,000906205E0	6,000906205E0	0,000000000E0
5,243272398E2	6,028175920E1	2,495422167E1	9,130636159E0	2,835189811E1	1,504122734E0	5,354154896E1	8,851663566E-1	6,000906205E0	6,000906205E0	0,000000000E0
5,253272178E2	6,028176547E1	2,495425009E1	9,053730899E0	2,827494751E1	1,498403668E0	5,442494172E1	8,872644565E-1	6,000906205E0	6,000906205E0	0,000000000E0
5,263271964E2	6,028176807E1	2,495428779E1	8,940646414E0	2,816179684E1	1,510162115E0	5,420102763E1	8,887603236E-1	6,000906205E0	6,000906205E0	0,000000000E0
5,273271736E2	6,028177852E1	2,495430488E1	8,962593411E0	2,818372364E1	1,747248650E0	5,080015350E1	8,904191087E-1	6,000906205E0	6,000906205E0	0,000000000E0
5,283271517E2	6,028178899E1	2,495432633E1	9,044774894E0	2,826587698E1	1,747248650E0	5,024695940E1	8,911753875E-1	6,000906205E0	6,000906205E0	0,000000000E0
5,293271306E2	6,028179551E1	2,495433019E1	9,068858936E0	2,828996087E1	1,590506196E0	5,497868223E1	8,928191071E-1	6,000906205E0	6,000906205E0	0,000000000E0
5,303271083E2	6,028179860E1	2,495435935E1	9,041505304E0	2,826255718E1	1,590506196E0	5,546681195E1	8,954545327E-1	6,000906205E0	6,000906205E0	0,000000000E0
5,313270864E2	6,028180969E1	2,495440160E1	9,132736429E0	2,835372276E1	1,607241631E0	5,559846726E1	8,966401609E-1	6,000906205E0	6,000906205E0	0,000000000E0
5,323270636E2	6,028181622E1	2,495441860E1	9,247316624E0	2,846827878E1	1,787598729E0	5,566783808E1	8,989645986E-1	6,000906205E0	6,000906205E0	0,000000000E0
5,333270419E2	6,028183463E1	2,495443858E1	9,315396329E0	2,853634144E1	1,787598729E0	5,861687470E1	9,006547561E-1	6,000906205E0	6,000906205E0	0,000000000E0
5,343270204E2	6,028184010E1	2,495446719E1	9,474831692E0	2,869573026E1	1,704798341E0	5,901331937E1	9,018833430E-1	6,000906205E0	6,000906205E0	0,000000000E0
5,353269976E2	6,028184168E1	2,495448925E1	9,577003741E0	2,879786364E1	1,595050693E0	5,795539137E1	9,036188036E-1	6,000906205E0	6,000906205E0	0,000000000E0
5,363269764E2	6,028185018E1	2,495451565E1	9,588760805E0	2,880958143E1	1,386479139E0	5,678251812E1	9,045648020E-1	6,000906205E0	6,000906205E0	0,000000000E0
5,373269544E2	6,028184666E1	2,495453126E1	9,484346135E0	2,870513447E1	1,354035854E0	5,765632471E1	9,057303425E-1	6,000906205E0	6,000906205E0	0,000000000E0
5,383269317E2	6,028185021E1	2,495455115E1	9,430354130E0	2,865110985E1	1,565426826E0	5,781816604E1	9,074899420E-1	6,000906205E0	6,000906205E0	0,000000000E0
5,393269098E2	6,028185755E1	2,495457944E1	9,428632455E0	2,864934421E1	1,565426826E0	5,831969317E1	9,090880810E-1	6,000906205E0	6,000906205E0	0,000000000E0
5,403268878E2	6,028186825E1	2,495459878E1	9,436098967E0	2,865678667E1	1,608612776E0	6,388752678E1	9,109847990E-1	6,000906205E0	6,000906205E0	0,000000000E0
5,413268653E2	6,028187657E1	2,495462883E1	9,437575338E0	2,865821690E1	1,758947253E0	7,194066815E1	9,122523282E-1	6,000906205E0	6,000906205E0	0,000000000E0
5,423268443E2	6,028187918E1	2,495465121E1	9,675395870E0	2,889599927E1	1,783595562E0	7,558418475E1	9,132601712E-1	6,000906205E0	6,000906205E0	0,000000000E0
5,433268218E2	6,028188126E1	2,495466901E1	9,901176637E0	2,912174969E1	1,783595562E0	8,011895908E1	9,148276460E-1	6,000906205E0	6,000906205E0	0,000000000E0
5,443267999E2	6,028188158E1	2,495469743E1	1,000055857E1	2,922107997E1	1,361307502E0	1,059775567E2	9,154553018E-1	6,000906205E0	6,000906205E0	0,000000000E0
5,453267781E2	6,028187666E1	2,495470300E1	1,005431575E1	2,927482177E1	1,361307502E0	1,294897589E2	9,171381463E-1	6,000906205E0	6,000906205E0	0,000000000E0
5,463267558E2	6,028186280E1	2,495471524E1	1,011068252E1	2,933115146E1	1,550738096E0	1,301765617E2	9,189182905E-1	6,000906205E0	6,000906205E0	0,000000000E0
5,473267332E2	6,028185479E1	2,495474321E1	1,031224820E1	2,953265751E1	1,626599431E0	1,256185170E2	9,205005482E-1	6,000906205E0	6,000906205E0	0,000000000E0
5,483267108E2	6,028184312E1	2,495475964E1	1,044414007E1	2,966450698E1	1,626599431E0	1,341710749E2	9,219419925E-1	6,000906205E0	6,000906205E0	0,000000000E0
5,493266896E2	6,028183279E1	2,495477544E1	1,067844232E1	2,989876941E1	1,492680669E0	1,381442506E2	9,235446602E-1	6,000906205E0	6,000906205E0	0,000000000E0
5,503266672E2	6,028182249E1	2,495479577E1	1,088117197E1	3,010145095E1	1,492680669E0	1,480304986E2	9,253395460E-1	6,000906205E0	6,000906205E0	0,000000000E0
5,513266449E2	6,028180869E1	2,495481266E1	1,091007793E1	3,013031142E1	1,600995660E0	1,479551616E2	9,268823114E-1	6,000906205E0	6,000906205E0	0,000000000E0
5,523266234E2	6,028179558E1	2,495482182E1	1,081907226E1	3,003927511E1	1,426061869E0	1,487542118E2	9,282225509E-1	6,000906205E0	6,000906205E0	0,000000000E0
5,533266011E2	6,028178605E1	2,495483671E1	1,078505212E1	3,000521766E1	1,570713758E0	1,486068163E2	9,299753972E-1	6,000906205E0	6,000906205E0	0,000000000E0
5,543265793E2	6,028177247E1	2,495485285E1	1,070039184E1	2,992051348E1	1,564338923E0	1,547554892E2	9,316208469E-1	6,000906205E0	6,000906205E0	0,000000000E0
5,553265573E2	6,028175855E1	2,495486299E1	1,046764665E1	2,968773501E1	1,570713758E0	1,543889540E2	9,327784574E-1	6,000906205E0	6,000906205E0	0,000000000E0
5,563265355E2	6,028175092E1	2,495487729E1	9,992654896E0	2,921270903E1	1,564338923E0	1,575432173E2	9,342506575E-1	6,000906205E0	6,000906205E0	0,000000000E0
5,573265127E2	6,028173858E1	2,495488694E1	9,584020253E0	2,880404367E1	1,568032622E0	1,560158504E2	9,360967512E-1	6,000906205E0	6,000906205E0	0,000000000E0
5,583264909E2	6,028172501E1	2,495490624E1	9,203422377E0	2,842339613E1	1,582138896E0	1,544825139E2	9,375906765E-1	6,000906205E0	6,000906205E0	0,000000000E0
5,593264688E2	6,028171569E1	2,495492576E1	8,620187208E0	2,784011539E1	1,582138896E0	1,515315580E2	9,398541318E-1	6,000906205E0	6,000906205E0	0,000000000E0
5,603264471E2	6,028169699E1	2,495494198E1	8,179798420E0	2,739967714E1	1,582138896E0	1,481535923E2	9,411969067E-1	6,000906205E0	6,000906205E0	0,000000000E0
5,613264246E2	6,028168569E1	2,495495056E1	7,828240196E0	2,704809126E1	1,425869942E0	1,494794413E2	9,426331372E-1	6,000906205E0	6,000906205E0	0,000000000E0
5,623264021E2	6,028167360E1	2,495495970E1	7,563934409E0	2,678375595E1	1,498554468E0	1,487101025E2	9,443207408E-1	6,000906205E0	6,000906205E0	0,000000000E0
5,633263801E2	6,028165870E1	2,495496555E1	7,507117080E0	2,672691215E1	1,519551039E0	1,542743980E2	9,464380078E-1	6,000906205E0	6,000906205E0	0,000000000E0
5,643263589E2	6,028164130E1	2,495498116E1	7,604995773E0	2,682474387E1	1,519551039E0	1,532423838E2	9,483362141E-1	6,000906205E0	6,000906205E0	0,000000000E0
5,653263366E2	6,028162494E1	2,495499101E1	7,480329900E0	2,670004267E1	1,550701022E0	1,558377737E2	9,496585411E-1	6,000906205E0	6,000906205E0	0,000000000E0
5,663263141E2	6,028161445E1	2,495500228E1	7,333120932E0	2,655280198E1	1,550701022E0	1,526653967E2	9,513641115E-1	6,000906205E0	6,000906205E0	0,000000000E0
5,673262925E2	6,028160243E1	2,495502152E1	7,206515917E0	2,642614906E1	1,418764949E0	1,516136978E2	9,529126927E-1	6,000906205E0	6,000906205E0	0,000000000E0
5,683262699E2	6,028159091E1	2,495503730E1	7,087748383E0	2,630734046E1	1,473454475E0	1,459466352E2	9,542697992E-1	6,000906205E0	6,000906205E0	0,000000000E0
5,693262483E2	6,028158296E1	2,495505598E1	6,890085311E0	2,610963481E1	1,473454475E0	1,599986430E2	9,558743203E-1	6,000906205E0	6,000906205E0	0,000000000E0
5,703262262E2	6,028157112E1	2,495507261E1	6,604821443E0	2,582432799E1	1,541873932E0	1,589812590E2	9,570272355E-1	6,000906205E0	6,000906205E0	0,000000000E0
5,713262044E2	6,028156091E1	2,495507630E1	6,145245676E0	2,536473467E1	1,541873932E0	1,584326582E2	9,581736738E-1	6,000906205E0	6,000906205E0	0,000000000E0
5,723261813E2	6,028155061E1	2,495507714E1	5,748529353E0	2,496800591E1	1,400397658E0	1,543289303E2	9,598349599E-1	6,000906205E0	6,000906205E0	0,000000000E0
5,733261595E2	6,028153706E1	2,495508983E1	5,453234867E0	2,467267386E1	1,606625557E0	1,523696085E2	9,618442501E-1	6,000906205E0	6,000906205E0	0,000000000E0
5,743261383E2	6,028152090E1	2,495510614E1	5,143841861E0	2,436323391E1	1,606625557E0	1,565106839E2	9,636735540E-1	6,000906205E0	6,000906205E0	0,000000000E0
5,753261153E2	6,028150700E1	2,495512387E1	4,874183529E0	2,409352843E1	1,626405001E0	1,536086732E2	9,648644623E-1	6,000906205E0	6,000906205E0	0,000000000E0
5,763260933E2	6,028149783E1	2,495513506E1	4,573753687E0	2,379306843E1	1,626405001E0	1,531952555E2	9,663279605E-1	6,000906205E0	6,000906205E0	0,000000000E0
5,773260716E2	6,028148735E1	2,495515111E1	4,478983266E0	2,369825756E1	1,557576418E0	1,536393680E2	9,678729678E-1	6,000906205E0	6,000906205E0	0,000000000E0
5,783260489E2	6,028147436E1	2,495516109E1	4,472962593E0	2,369220489E1	1,678769112E0	1,536002310E2	9,695962381E-1	6,000906205E0	6,000906205E0	0,000000000E0
5,793260278E2	6,028146115E1	2,495517741E1	4,509641958E0	2,372884041E1	1,678769112E0	1,533720891E2	9,715603287E-1	6,000906205E0	6,000906205E0	0,000000000E0
5,803260053E2	6,028144463E1	2,495519002E1	4,505389495E0	2,372454740E1	1,678769112E0	1,533237177E2	9,734867138E-1	6,000906205E0	6,000906205E0	0,000000000E0
5,813259835E2	6,028142758E1	2,495519625E1	4,593962438E0	2,381309090E1	1,630770683E0	1,527310758E2	9,746816598E-1	6,000906205E0	6,000906205E0	0,000000000E0
5,823259606E2	6,028142201E1	2,495521479E1	4,794737613E0	2,401382627E1	1,457781434E0	1,510382681E2	9,762485782E-1	6,000906205E0	6,000906205E0	0,000000000E0
5,833259385E2	6,028140976E1	2,495522884E1	5,065570803E0	2,428462080E1	1,487659693E0	1,500649798E2	9,779892841E-1	6,000906205E0	6,000906205E0	0,000000000E0
5,843259165E2	6,028139658E1	2,495524586E1	5,293432656E0	2,451243756E1	1,487659693E0	1,508084732E2	9,797765321E-1	6,000906205E0	6,000906205E0	0,000000000E0
5,853258945E2	6,028138598E1	2,495527023E1	5,376508299E0	2,459545741E1	1,717230916E0	1,493798571E2	9,817098011E-1	6,000906205E0	6,000906205E0	0,000000000E0
5,863258734E2	6,028137020E1	2,495528498E1	5,396713616E0	2,461561906E1	1,717230916E0	1,492957229E2	9,833606734E-1	6,000906205E0	6,000906205E0	0,000000000E0
5,873258511E2	6,028135736E1	2,495529999E1	5,294876399E0	2,451374078E1	1,635552287E0	1,509613738E2	9,847449862E-1	6,000906205E0	6,000906205E0	0,000000000E0
5,883258284E2	6,028134713E1	2,495531431E1	5,335470308E0	2,455429768E1	1,635552287E0	1,514914648E2	9,869772597E-1	6,000906205E0	6,000906205E0	0,000000000E0
5,893258069E2	6,028132779E1	2,495532521E1	5,330377003E0	2,454916397E1	1,607076764E0	1,519666547E2	9,890171468E-1	6,000906205E0	6,000906205E0	0,000000000E0
5,903257847E2	6,028131092E1	2,495533973E1	5,355463779E0	2,457420633E1	1,607076764E0	1,521039415E2	9,910683870E-1	6,000906205E0	6,000906205E0	0,000000000E0
5,913257624E2	6,028129476E1	2,495535769E1	5,375702891E0	2,459439549E1	1,700983047E0	1,620722884E2	9,929343396E-1	6,000906205E0	6,000906205E0	0,000000000E0
5,923257400E2	6,028128017E1	2,495537442E1	5,585867626E0	2,480451417E1	1,329561830E0	1,585344143E2	9,945334069E-1	6,000906205E0	6,000906205E0	0,000000000E0
5,933257182E2	6,028126724E1	2,495538712E1	5,749441467E0	2,496805110E1	1,329561830E0	1,584873270E2	9,957202170E-1	6,000906205E0	6,000906205E0	0,000000000E0
5,943256961E2	6,028125889E1	2,495540052E1	5,889723660E0	2,510829995E1	1,329561830E0	1,540434420E2	9,969442721E-1	6,000906205E0	6,000906205E0	0,000000000E0
5,953256739E2	6,028124816E1	2,495540549E1	6,058400423E0	2,527695626E1	1,441991091E0	1,518286985E2	9,977339733E-1	6,000906205E0	6,000906205E0	0,000000000E0
5,963256515E2	6,028124239E1	2,495541383E1	6,156216640E0	2,537475111E1	1,484333992E0	1,528798783E2	9,994247115E-1	6,000906205E0	6,000906205E0	0,000000000E0
5,973256299E2	6,028123203E1	2,495543629E1	6,379622229E0	2,559810466E1	1,433521032E0	1,506626350E2	1,000977003E0	6,000906205E0	6,000906205E0	0,000000000E0
5,983256073E2	6,028121972E1	2,495544958E1	6,554555907E0	2,577300100E1	1,484193683E0	1,435520802E2	1,002791754E0	6,000906205E0	6,000906205E0	0,000000000E0
5,993255858E2	6,028120738E1	2,495547113E1	6,483087445E0	2,570148007E1	1,433521032E0	1,429464883E2	1,004058509E0	6,000906205E0	6,000906205E0	0,000000000E0
6,003255633E2	6,028120090E1	2,495549002E1	6,394539526E0	2,561289074E1	1,389701605E0	1,258324795E2	1,005514270E0	6,000906205E0	6,000906205E0	0,000000000E0
6,013255415E2	6,028119474E1	2,495551332E1	6,467284315E0	2,568558639E1	1,389701605E0	1,238287069E2	1,007110235E0	6,000906205E0	6,000906205E0	0,000000000E0
6,023255197E2	6,028118617E1	2,495553655E1	6,429063615E0	2,564731414E1	1,310576200E0	1,225383202E2	1,009119614E0	6,000906205E0	6,000906205E0	0,000000000E0
6,033254972E2	6,028117471E1	2,495556473E1	6,310302897E0	2,552848974E1	1,341214657E0	1,289226893E2	1,010604875E0	6,000906205E0	6,000906205E0	0,000000000E0
6,043254746E2	6,028116771E1	2,495558768E1	6,171730956E0	2,538986842E1	1,341214657E0	1,264192883E2	1,011833448E0	6,000906205E0	6,000906205E0	0,000000000E0
6,053254528E2	6,028116066E1	2,495560484E1	6,004889737E0	2,522298835E1	1,489792705E0	1,273106144E2	1,013051007E0	6,000906205E0	6,000906205E0	0,000000000E0
6,063254310E2	6,028115423E1	2,495562272E1	5,798469944E0	2,501652905E1	1,496652484E0	1,273006286E2	1,014747747E0	6,000906205E0	6,000906205E0	0,000000000E0
6,073254085E2	6,028114593E1	2,495564855E1	5,547458444E0	2,476546153E1	1,588142753E0	1,302370772E2	1,016205944E0	6,000906205E0	6,000906205E0	0,000000000E0
6,083253866E2	6,028113697E1	2,495566786E1	5,477118541E0	2,469507682E1	1,588142753E0	1,353101319E2	1,017643952E0	6,000906205E0	6,000906205E0	0,000000000E0
6,093253653E2	6,028112856E1	2,495568769E1	5,258716573E0	2,447662969E1	1,388988614E0	1,133043757E2	1,019106012E0	6,000906205E0	6,000906205E0	0,000000000E0
6,103253428E2	6,028112811E1	2,495571420E1	5,084007047E0	2,430187121E1	1,337618828E0	1,195656853E2	1,020584676E0	6,000906205E0	6,000906205E0	0,000000000E0
6,113253204E2	6,028112214E1	2,495573816E1	5,704955554E0	2,492276956E1	1,334313035E0	1,306084892E2	1,020860285E0	6,000906205E0	6,000906205E0	0,000000000E0
6,123252987E2	6,028112462E1	2,495573814E1	6,155775261E0	2,537359193E1	2,679537795E-2	1,305998422E2	1,021542343E0	6,000906205E0	6,000906205E0	0,000000000E0
6,133252765E2	6,028112841E1	2,495572841E1	6,397275005E0	2,561511348E1	9,409985505E-3	1,297716681E2	1,021605936E0	6,000906205E0	6,000906205E0	0,000000000E0
6,143252542E2	6,028112897E1	2,495572859E1	6,431570994E0	2,564940975E1	1,642815187E-3	1,255800083E2	1,021656232E0	6,000906205E0	6,000906205E0	0,000000000E0
6,153252324E2	6,028112932E1	2,495572800E1	6,383143884E0	2,560098408E1	5,080618896E-3	1,239762936E2	1,021678936E0	6,000906205E0	6,000906205E0	0,000000000E0
6,163252103E2	6,028112940E1	2,495572762E1	6,343481322E0	2,556132229E1	2,122284146E-3	1,239906916E2	1,021705041E0	6,000906205E0	6,000906205E0	0,000000000E0
6,173251879E2	6,028112919E1	2,495572741E1	6,215079269E0	2,543292040E1	1,494543860E-3	1,240387898E2	1,021721366E0	6,000906205E0	6,000906205E0	0,000000000E0
6,183251659E2	6,028112906E1	2,495572727E1	6,074485393E0	2,529232664E1	1,288553176E-4	1,240790196E2	1,021754829E0	6,000906205E0	6,000906205E0	0,000000000E0
6,193251433E2	6,028112889E1	2,495572678E1	6,016356506E0	2,523419848E1	3,504297230E-3	1,241106434E2	""	6,000906205E0	6,000906205E0	0,000000000E0